순번,질문제목,제목글자수,제목잘림,작성일,답변수,분류,태그,질문 본문,답변 발췌,답변자,링크,제목 신규어(자동완성에 없음)
1,실업급여 조건 충족될까요..?,16,N,2026.08.13.,34,고용안정,"실업급여, 실업급여조건, 실업급여수급자격",,"이틀 전 갑작스레 말해준 부분이라, 부당해고수당을 알아보니 조건 충족이 안될 듯 하여 실업급여가 꼭 필요한 상황입니다.. 문제는 이 회사의 전 회사와의...",,https://kin.naver.com/qna/detail.naver?dirId=6080401&docId=494617532&answerNo=32&qb=7Iuk7JeF6riJ7Jes,충족될까요
2,실업급여조건 문의,9,N,2026.07.28.,27,고용보험,실업급여수급자격,,26년1월1일자로 입사한 회사에서 사정이 어려워 저는 9월까지 근무가 가능한데 8월 22일부로 계약종료하자는 얘기가 있습니다 이 경우 실업급여 신청이 가능한가요?...,,https://kin.naver.com/qna/detail.naver?dirId=6080402&docId=494421900&answerNo=21&qb=7Iuk7JeF6riJ7Jes,
3,실업급여조건 확인 좀 부탁드립니다,18,N,2026.06.30.,26,고용보험,,,2025년5월 입사하고 2026년 5월 다른회사로 이직하고 지금 한달이 조금 안됐습니다. 지금 다니는 회사에서 권고사직되면 실업급여 신청할수 있나요? 네 그렇습니다,,https://kin.naver.com/qna/detail.naver?dirId=6080402&docId=494037085&answerNo=22&qb=7Iuk7JeF6riJ7Jes,
4,실업급여 조건,7,N,2026.07.05.,20,고용보험,"실업급여, 근로",,A에서 2년 근무후 자발적퇴사하고 B에서 계약직 사대보험 넣고 란달후 계약종료로 퇴사했는데 실업급여ㅜ받을수있나요?? 이직확인서 두곳에서 떼서...,,https://kin.naver.com/qna/detail.naver?dirId=6080402&docId=494144001&answerNo=9&qb=7Iuk7JeF6riJ7Jes,
5,실업급여 받는중 이사,11,N,2026.06.30.,19,고용보험,,,실업급여 받는중인데.. 집이 계약만료되어서 이사가야되거든요?? 실업급여 받는거랑은 상관없나요? 넵.!! 실업급여 수급 중 이사를 했다고 실업급여가 중단되거나 축소되는 일은...,갈거미(kp****),https://kin.naver.com/qna/detail.naver?dirId=6080402&docId=485374495&answerNo=17&qb=7Iuk7JeF6riJ7Jes,받는중
6,실업급여 금액,7,N,2026.05.06.,17,고용보험,,,월에 60만원정도 받고 일하던곳을 퇴사하면 실업급여는 얼마정도 받나요? 월 60[세후] 정도면 주15시간 근로에 해당된다 사료됨에 그렇다면 실업급여 지급일액은 24...,갈거미(kp****),https://kin.naver.com/qna/detail.naver?dirId=6080402&docId=493274211&answerNo=4&qb=7Iuk7JeF6riJ7Jes,
7,실업급여 조건 충족,10,N,2026.07.20.,16,고용보험,,,전에회사에서 2년 좀넘게 근무하고 자발적 퇴사했구요 이후에 이력서 안넣고 지인회사에 계약직으로 한달근무하고 고용보험만 넣고 비자발적 퇴사되는데 실업급여...,땅돌이(dnjs****),https://kin.naver.com/qna/detail.naver?dirId=6080402&docId=494076188&answerNo=13&qb=7Iuk7JeF6riJ7Jes,충족
8,자발적 퇴사 실업급여,11,N,2026.08.18.,14,"고용, 고용복지","실업급여조건, 자발적퇴사실업급여, 자발적퇴사",,"3년이나 정들었던 공장을 떠나려니 마음이 참 무거우셨을 텐데, 자발적 퇴사라는 이유로 실업급여 걱정까지 더해져 머릿속이 아주 복잡하고 막막하셨겠어요. 그 지치고 답답한...",,https://kin.naver.com/qna/detail.naver?dirId=60804&docId=484299744&answerNo=16&qb=7Iuk7JeF6riJ7Jes,
9,실업급여 조건,7,N,2026.08.03.,14,고용보험,실업급여,,A직장에서 24년1월부터 26년 6월말까지 근무 후 자진퇴사 한 뒤 B직장에 7월 1일부터 2주정도 근무 후 권고사직 당하면 이 경우 실업급여 신청 가능한가요? A직장을...,,https://kin.naver.com/qna/detail.naver?dirId=6080402&docId=494291481&answerNo=14&qb=7Iuk7JeF6riJ7Jes,
10,퇴직금 받기전에 실업급여 신청,16,N,2026.08.09.,13,고용보험,"실업급여, 실업급여신청",,마지막 월급이 10일이고 퇴직금은 보통 월급날부터 일주일 안에 지급된하고 합니다. 마지막 월급을 받고 퇴직금을 받기 전에 실업급여 신청해도 괜찮나요? 네 상관없어요,,https://kin.naver.com/qna/detail.naver?dirId=6080402&docId=494654406&answerNo=10&qb=7Iuk7JeF6riJ7Jes,받기전에
11,실업급여 질문,7,N,2026.07.01.,12,고용보험,,,현직장에서 2년근무하고 계약만료(사업주가 재계약거부)로 퇴사하는데 실업급여 신청가능한가요? 넵.!! 계약기간이 최종 만료가 되었기 때문에 정규직 전환이 불가피하여...,갈거미(kp****),https://kin.naver.com/qna/detail.naver?dirId=6080402&docId=494122378&answerNo=3&qb=7Iuk7JeF6riJ7Jes,
12,실업급여 수급조건,9,N,2026.07.01.,11,고용보험,,,인턴활동이랑 인턴활동전에 4대보험이 드는 알바를 했었는데 두가지 근로일수를 합하고 나니까 실업급여 180일 보다 일주일정도 모자라더라구요 혹시 일용직으로 채워도...,갈거미(kp****),https://kin.naver.com/qna/detail.naver?dirId=6080402&docId=494088687&answerNo=9&qb=7Iuk7JeF6riJ7Jes,수급조건
13,실업급여 전직장 이직확인서 발급 궁금합니,22,Y,2026.08.03.,11,고용보험,실업급여,,계약만료로 실업급여 신청할 예정인데 전직장 이직확인서도 제출해야하는지 궁급합니다. 안녕하세요. 한국공인노무사회-네이버 지식iN 상담 공인노무사 민승기 입니다....,민승기노무사(mm****),https://kin.naver.com/qna/detail.naver?dirId=6080402&docId=494574700&answerNo=4&qb=7Iuk7JeF6riJ7Jes,"전직장, 발급, 궁금합니"
14,실업급여 얼마받을까요 ?,13,N,2026.06.21.,10,고용보험,,,실업급여는 6월15일에 신청해서 29일날 1차 실업인정으로 다시 방문예정인데 얼마정도 받을지 궁금해서요 시급15320원(야간수당포함) 일 근무시간 5시간 주 25시간 세전...,가물치(h292****),https://kin.naver.com/qna/detail.naver?dirId=6080402&docId=493970689&answerNo=2&qb=7Iuk7JeF6riJ7Jes,얼마받을까요
15,경비직 실업급여,8,N,2026.08.19.,10,"직업, 취업",,,하루에 11시간 근무이며 주 5일 주간으로 근무해서 55시간 근무했는데…내가 자발적으로 퇴사했고 퇴사한지 2주 정도 되었는데 실업급여 못 받을까요? ㅠㅠ 정규직으로...,,https://kin.naver.com/qna/detail.naver?dirId=406&docId=494045591&answerNo=10&qb=7Iuk7JeF6riJ7Jes,경비직
16,실업급여대상 여부,9,N,2026.08.05.,10,고용보험,,,"경우에 실업급여 수급대상이 가능하나요?? 마지막 직장 단기 계약직이 4대보험 모두 가입이며 고용취득 및 고용상실 신고 기준으로 최소 만1개월[이상] 근무, 최종 비자발적...",갈거미(kp****),https://kin.naver.com/qna/detail.naver?dirId=6080402&docId=494601354&answerNo=4&qb=7Iuk7JeF6riJ7Jes,
17,직장내 괴롭힘 퇴사 실업급여,15,N,2026.08.26.,10,노동법,,,직장 내 괴롭힘으로 퇴사 후 실업급여 받는게 많이 힘들까요. 요식업계인데 재작년에 입사한 과장님께서 소리지르고 모욕적인 발언을 일삼습니다. 회사 단체톡방에서 제...,,https://kin.naver.com/qna/detail.naver?dirId=60222&docId=494702447&answerNo=10&qb=7Iuk7JeF6riJ7Jes,"직장내, 괴롭힘"
18,실업급여 사업장이 피해를 많이보는건가요,21,N,2026.08.18.,10,고용보험,,,실업급여 처음신청하려고하는데 1. 제가 근로계약기간이 끝나면 실업급여 신청이 가능한가요? 2. 사장님이 세금감면? 그거랑 제가 실업급여를 신청하게되면 사장님 소득이 더...,신천옹(cjro****),https://kin.naver.com/qna/detail.naver?dirId=6080402&docId=494781518&answerNo=2&qb=7Iuk7JeF6riJ7Jes,"사업장이, 피해를, 많이보는건가요"
19,실업급여 수급중 단기알바,13,N,2026.08.19.,10,고용보험,,,안녕하세요 현재 실업급여 수급 3개월차인데 단기알바를 하고싶습니다 주2일로 하루 6시간씩(휴게시간 제외) 알바를 한다면 받고 있던 실업급여는 계속 받을 수 있을까요?...,청소년근로권익센터(yout****),https://kin.naver.com/qna/detail.naver?dirId=6080402&docId=494800811&answerNo=6&qb=7Iuk7JeF6riJ7Jes,수급중
20,실업급여 180일,9,N,2026.09.02.,10,고용보험,,,"실업급여 66048원씩 180일을 받게되면 총 얼마를 받을수있어요? 크레딧 신청하면 실업급여에서 빠져나가나요? 66,048원 × 180일 : 11,888,640원 아니요 실업급여에서...",,https://kin.naver.com/qna/detail.naver?dirId=6080402&docId=494994706&answerNo=2&qb=7Iuk7JeF6riJ7Jes,180일
21,실업급여 금액,7,N,2026.03.11.,9,고용보험,,,얼마나 받을 수 잇나요? 170만원 정도 나올꺼에요,메치니코프(psyg****),https://kin.naver.com/qna/detail.naver?dirId=6080402&docId=492417933&answerNo=1&qb=7Iuk7JeF6riJ7Jes,
22,실업급여 4차,7,N,2026.08.25.,9,"고용, 노동",,,명함이 없으면 구직활동 인정이 안 되나요 ? ㅠㅠ 실업급여신청한다고 명함드렸는데 사업자번호랑 제 주민번호까지 작성해줘야하나요..??,,https://kin.naver.com/qna/detail.naver?dirId=608&docId=492448424&answerNo=10&qb=7Iuk7JeF6riJ7Jes,4차
23,실업급여란 무엇인가요?,12,N,2026.05.27.,9,고용보험,"검색질문, 통합검색궁금증, 통합검색질문하기",,검색어 실업급여란 무엇인가요?실업급여란 무엇인가요? 회사를 다니면서 급여에서 공제되는 고용보험이 180일이상 가입되어 비자발적 사유로 퇴사했을때 나라에서...,푸른바다(pref****),https://kin.naver.com/qna/detail.naver?dirId=6080402&docId=493573151&answerNo=8&qb=7Iuk7JeF6riJ7Jes,무엇인가요
24,실업급여 문의요,8,N,2026.07.22.,9,고용보험,,,실업급여 문의 드립니다 회사에 퇴사 이유가 개인사정으로 인한 자진퇴사로 되어 있는데 실업급여 타먹을 방법이 없나요?? 알려주세요 급합니다 ㅠㅠ 이후 4대보험 모두...,갈거미(kp****),https://kin.naver.com/qna/detail.naver?dirId=6080402&docId=494411618&answerNo=7&qb=7Iuk7JeF6riJ7Jes,문의요
25,실업급여 관련,7,N,2026.07.25.,9,고용보험,,,"24년도 11월 25일 입사, 퇴사 25년 2월 25년 5월 26일 입사 25년 9월 30일 퇴사 현재 7월 13일부터 2개월 계약직 근무 시작 이런 상태인데 계약 종료시에 실업급여 받을...",,https://kin.naver.com/qna/detail.naver?dirId=6080402&docId=494455383&answerNo=1&qb=7Iuk7JeF6riJ7Jes,
26,실업급여와 기간제 질문드립니다,16,N,2026.07.30.,9,고용보험,,,"학원 강사로 9개월 가량 주 25시간 정도 근무했는데요, 실업급여 신청 조건에는 맞나요? (계산해봤을 때 보험 가입일이 180일은 넘습니다.) 2. 실업급여 신청 하고 받는 도중에...",갈거미(kp****),https://kin.naver.com/qna/detail.naver?dirId=6080402&docId=494526633&answerNo=8&qb=7Iuk7JeF6riJ7Jes,"실업급여와, 기간제, 질문드립니다"
27,1년 퇴직금과 실업급여 받을 수 있나요?,22,N,2026.08.06.,9,"고용, 고용복지","실업급여, 퇴직금, 퇴직금받을수있나요",,그리고 실업급여 신청하려면 어떤 서류를 회사에 요청하면 될런지요? 위와 같은 조건에서 실업급여는 몇개월이나 받을 수 있나요? [답변] 일단 실업급여는 자진퇴사가 아닌...,사오정핵잠(gsah****),https://kin.naver.com/qna/detail.naver?dirId=60804&docId=494622980&answerNo=1&qb=7Iuk7JeF6riJ7Jes,"1년, 퇴직금과, 받을"
28,실업급여 전 단기취업,11,N,2026.08.17.,9,"고용, 고용복지",,,지난 7월말로 계약만료로 퇴사했습니다 근무기간은 6년이었고 실업급여 자격을 갖췄으나 8/10 일자리가 나와서 취업을 했는데 저와 맞지를 않아 2주 일하고 그만두려합니다...,갈거미(kp****),https://kin.naver.com/qna/detail.naver?dirId=60804&docId=494760743&answerNo=8&qb=7Iuk7JeF6riJ7Jes,단기취업
29,실업급여 끝났는데 월세지원금 받을 수 있나,23,Y,2026.08.27.,9,고용보험,월세지원금,,저가 3월 23일 마지막으로 실업급여 받았고 4월 1일에 신청했어요 받을 수 있을가요? 안녕하세여 질문자분의 질문에 답변드립니다^;^ 질문자분께서 실업급여 신청하여 3월23일...,,https://kin.naver.com/qna/detail.naver?dirId=6080402&docId=494919695&answerNo=1&qb=7Iuk7JeF6riJ7Jes,"끝났는데, 월세지원금, 받을, 있나"
30,실업급여 개편,7,N,2026.09.03.,8,고용보험,,,"현쟈 실업급여를 수령중인데요, 26년 실업급여 하한액이 증가되었습니다. 25년 하한액 수령중이면 26년에 25년 기준으로 지급받나요 26년 준으로 지급받나요? 네....",,https://kin.naver.com/qna/detail.naver?dirId=6080402&docId=491008271&answerNo=9&qb=7Iuk7JeF6riJ7Jes,개편
31,4시간일바실업급여,9,N,2026.06.24.,8,고용보험,,,4시간일해서 국민연금 고용보험 세금내면 실업급여받을수있나요? 일주일 15시간 이상 일하고 고용보험료 납부시 가입기간 180일. 이상시. 비자발적 퇴사시 실업급여...,산야로(hans****),https://kin.naver.com/qna/detail.naver?dirId=6080402&docId=494022335&answerNo=2&qb=7Iuk7JeF6riJ7Jes,4시간일바실업급여
32,이런 경우 질병으로 인한 자발적 실업급여 가,24,Y,2026.08.18.,8,고용보험,,,"이 경우 질병으로 인한 자발적 퇴사 사유로 실업급여 수급 인정 가능성이 있을까요? 신청은 바로 퇴사 후 하는 게 좋을까요? 의사 소견서나 진단서, 처방 내역이 있고...",,https://kin.naver.com/qna/detail.naver?dirId=6080402&docId=494056295&answerNo=7&qb=7Iuk7JeF6riJ7Jes,"이런, 질병으로, 인한"
33,실업급여받을수있나요,10,N,2026.07.04.,8,고용안정,"검색질문, 통합검색궁금증, 통합검색질문하기",,계약직입니다.2025년6월1일입사2026년5월말퇴사시실업급여받을수있나요 계약기간 만료로 퇴사라면 실업급여 가능해요^^ 1년 근무면 피보험단위기간도 보통 충족했네요...,아정당 인테리어(sool****),https://kin.naver.com/qna/detail.naver?dirId=6080401&docId=494155356&answerNo=1&qb=7Iuk7JeF6riJ7Jes,실업급여받을수있나요
34,한달 계약직 실업급여,11,N,2026.07.09.,8,"고용, 고용복지",,,다음달 말일에 퇴사하면 실업급여 기준이 충족이 될까요? (근무일수 180일 넘었습니다.) 고용보험 가입했으면 180일 조건은 충족했고 다음달 퇴사가 본인이 원해서 퇴사하는...,종합도우미(boy8****),https://kin.naver.com/qna/detail.naver?dirId=60804&docId=494231202&answerNo=1&qb=7Iuk7JeF6riJ7Jes,
35,실업급여 보험미가입,10,N,2026.07.22.,8,고용보험,,,4대보험이 안들어가 있고 가게가 폐업해서 그만두게 되는데 피보험자격확인청구를 하면 사장님한테 피해가 가는게 있나요? 피해가 전혀 아니갈수는 없겠죠.. 본인 부담해야 할...,갈거미(kp****),https://kin.naver.com/qna/detail.naver?dirId=6080402&docId=494412944&answerNo=5&qb=7Iuk7JeF6riJ7Jes,보험미가입
36,실업급여 신청 조건 문의합니다,16,N,2026.08.05.,8,고용보험,,,"이런 경우에도 실업급여 신청이 가능할까요? 시청은 상실일이 아직 없지만 8/11자로 계약 만료입니다 위에서부터 첫번째, 세번째는 계약만료이고 두번째, 네번째는...",갈거미(kp****),https://kin.naver.com/qna/detail.naver?dirId=6080402&docId=494605266&answerNo=6&qb=7Iuk7JeF6riJ7Jes,문의합니다
37,실업크레딧 국민연금,10,N,2026.08.28.,8,국민연금보험,,,퇴사하고 실업급여 받게 되어서 실업크레딧 신청 해뒀는데 지역가입자 자격취득 신고서가 날아왔어요 납부예외 신청 안 해도 되는거죠? 다른 거 신청할거 없죠? 실업크레딧을...,,https://kin.naver.com/qna/detail.naver?dirId=6100402&docId=494642983&answerNo=9&qb=7Iuk7JeF6riJ7Jes,"실업크레딧, 국민연금"
38,자발적 퇴사후 실업급여,12,N,2026.08.18.,8,고용보험,,,원래직장 (4년5개월근무)(주5일 8시간) 26년8월14일 퇴사후 쉬다가 다음직장에서 계약직 1~2달일하고 계약 만료로 퇴사하면 실업급여대상이 되나요? 만약 된다면 원래직장퇴사후...,,https://kin.naver.com/qna/detail.naver?dirId=6080402&docId=494683689&answerNo=8&qb=7Iuk7JeF6riJ7Jes,퇴사후
39,실업급여가능여부,8,N,2026.08.17.,8,고용보험,"검색질문, 통합검색궁금증, 통합검색질문하기",,"1960년12월31일생인데 2026년2월23일 입사해서12월31일 퇴사예정인데 실업급여 가능한가요 실업급여에 대한 설명과, 최근 자진퇴사 실업급여 제도에...",,https://kin.naver.com/qna/detail.naver?dirId=6080402&docId=494689182&answerNo=8&qb=7Iuk7JeF6riJ7Jes,실업급여가능여부
40,퇴사 실업급여,7,N,2026.08.28.,8,고용보험,,,대해서는 실업급여를 신청할 수 없나요? 사실 연봉 부분에서도 면접 당시와 입사 후 연봉이 달랐습니다. 이 부분도 어려울까요? 단순히 회사가 부서를 변경했다는...,,https://kin.naver.com/qna/detail.naver?dirId=6080402&docId=494730325&answerNo=5&qb=7Iuk7JeF6riJ7Jes,
41,한달 계약직 계약만료 후 실업급여 가능여부,23,N,2026.08.16.,8,고용보험,실업급여,,이러한 경우 전 직장 연계해서 실업급여 신청 및 실업급여 가능할 수 있을까요? 사람들마다 회사 퇴사한지 6개월이 넘어서 안된다고 하시는 분들도 있고 1년까지...,,https://kin.naver.com/qna/detail.naver?dirId=6080402&docId=494762201&answerNo=6&qb=7Iuk7JeF6riJ7Jes,"계약만료, 가능여부"
42,실업급여 받을수있나요,11,N,2026.08.17.,8,고용보험,,,원래 회사랑 편도 60키로다니다가 반년전에 이사를 갔습니다 편도 220키로거리요 한 6개월다니다가 도저히 안되겠어서 퇴사하겠다고했는데요 이사먼거리가면 실업급여...,코웨이 이팀장(roya****),https://kin.naver.com/qna/detail.naver?dirId=6080402&docId=494769871&answerNo=3&qb=7Iuk7JeF6riJ7Jes,받을수있나요
43,실업급여 수급 기준 180일 채우려면 얼마나 근,26,Y,2026.08.19.,8,고용보험,"구직급여, 구직급여일액, 실업급여, 실업급여조건, 실업급여수급자격",,"계약직으로 입사할거같은데 계약 만료 후 실업급여 받으려면 계약 만료 날짜를 언제로 해야할까요?? 안녕하세요, 청소년청년근로권익센터입니다. 고용보험 피보험기간...",청소년근로권익센터(yout****),https://kin.naver.com/qna/detail.naver?dirId=6080402&docId=494798179&answerNo=5&qb=7Iuk7JeF6riJ7Jes,"180일, 채우려면"
44,월급120만원 실업급여 궁금합니다,18,N,2026.08.22.,8,고용보험,"실업급여, 실업급여수급자격",,평일 5시간 최저시급 주 5일 근무중입니다 4대보험 가입중인데 급여는 월120만입니다 이런경우 실업급여 받을수있을까요? 받는다면 어떻게 계산하며 얼마 받을수있을까요...,오네시보(ajse****),https://kin.naver.com/qna/detail.naver?dirId=6080402&docId=494841857&answerNo=7&qb=7Iuk7JeF6riJ7Jes,"월급120만원, 궁금합니다"
45,실업급여 계약만료,9,N,2026.08.22.,8,고용보험,"실업급여, 실업급여조건, 실업급여계약만료",,"전 직장(자발적퇴사,건강상이유) 24년 5월 24일 ~ 26년 1월 31일 현 직장(곧 계약 만료) 26년 3월 2일 ~ 26년 9월 1일 곧 계약 만료로 실업급여를 알아보고 있습니다. 알아보니...",최창국공인노무사(cc37****),https://kin.naver.com/qna/detail.naver?dirId=6080402&docId=494845779&answerNo=5&qb=7Iuk7JeF6riJ7Jes,계약만료
46,실업급여 궁금해요,9,N,2026.08.23.,8,고용보험,"실업급여, 실업급여조건",,하루8시간 주5일 최저시급으로 급여 180만원(세전금액) 받고있어요 실업급여 받을수있나요? 받는다면 얼마를 받을수있을까요 ? 실업급여 계산은 어떻게하는건가요?...,,https://kin.naver.com/qna/detail.naver?dirId=6080402&docId=494847484&answerNo=7&qb=7Iuk7JeF6riJ7Jes,
47,"계약만료 후 실업급여 신청, 재계약 거부가",23,Y,2026.08.26.,8,고용보험,"오늘숏텐츠, 실업급여, 계약만료, 재계약거부, 고용보험상담",,"계약만료로 퇴사한 경우, 실업급여 신청 시 재계약 제안이 있었는데도 제가 거부했다면, 이것이 실업급여 수급에 어떤 영향을 미치는지 알고 싶습니다. 회사에서 재계약을...",청소년근로권익센터(yout****),https://kin.naver.com/qna/detail.naver?dirId=6080402&docId=494898708&answerNo=4&qb=7Iuk7JeF6riJ7Jes,"계약만료, 재계약, 거부가"
48,육아휴직 종료 후 실업급여 질문,17,N,2026.09.02.,8,고용보험,,,"육아휴직 종료 후 육아로 인한 퇴사 시 실업급여 수급 가능 여부가 궁금합니다. 현재 육아휴직 중이며, 육아휴직 종료 후 복직 예정입니다. 그런데 아이를 돌봐주실 수 있는...",라이프노트(sdw8****),https://kin.naver.com/qna/detail.naver?dirId=6080402&docId=494911781&answerNo=6&qb=7Iuk7JeF6riJ7Jes,"육아휴직, 종료"
49,실업급여 문의,7,N,2026.08.31.,8,고용보험,,,26년 1월 23일 입사 26년 8월 31일 퇴사 주 5일 근무 계약종료로 퇴사인데 실업급여 일수 충족 되는지 궁금합니당 가능성이 높습니다. 실업급여는 단순 재직기간이 아니라...,마징가(ac****),https://kin.naver.com/qna/detail.naver?dirId=6080402&docId=494949035&answerNo=6&qb=7Iuk7JeF6riJ7Jes,
50,무기 계약직 실업급여,11,N,2026.08.31.,8,고용보험,,,그러고 재계약 때 별 말도 없고 정규직 이야기도 없어서 퇴사를 하게 됬습니다 이사가 실업급여 받아야 하니까 계약종료로 적고 사직서 제출하면 된다고 해서 제출을 하고 계약...,,https://kin.naver.com/qna/detail.naver?dirId=6080402&docId=494968136&answerNo=1&qb=7Iuk7JeF6riJ7Jes,무기
51,4대보험가입 급여 현금수령 실업급여 질문입,23,Y,2026.09.02.,8,고용보험,,,받으면 실업급여 받기가 힘든가요? 사장님 얘기로는 6개월이상 4대보험 가입되어있으면 실업급여 받을수 있다고 권고사직으로 신청해준다고 마치 선심.... 어쨋든 제가...,갈거미(kp****),https://kin.naver.com/qna/detail.naver?dirId=6080402&docId=495003102&answerNo=6&qb=7Iuk7JeF6riJ7Jes,"4대보험가입, 현금수령, 질문입"
52,실업급여 부정수급 신고를 고민 중입니다,21,N,2026.08.18.,7,고용보험,,,자발적 퇴사를 하면서도 권고사직 처리되어 실업급여 받는 경우가 많은데 부정수급으로 걸린 케이스는 누가 신고해서 걸리는 것 외에 고용보험측이 실업급여 신청인들...,민승기노무사(mm****),https://kin.naver.com/qna/detail.naver?dirId=6080402&docId=483300315&answerNo=6&qb=7Iuk7JeF6riJ7Jes,"신고를, 중입니다"
53,실업 급여,5,N,2025.03.30.,7,"고용, 고용복지",,,8개월근무했습니다 회사안에서 일이잇어서 그만둬야할거같습니다 자발적으로 그만둬도 실업급여 받을수 잇나요? 아마 자발적퇴사는 못받아요ㅠ,,https://kin.naver.com/qna/detail.naver?dirId=60804&docId=483521009&answerNo=7&qb=7Iuk7JeF6riJ7Jes,
54,자발적 퇴사 실업급여,11,N,2026.08.18.,7,고용보험,"실업급여, 퇴사, 자발적퇴사, 자발적퇴사자실업급여",,실업급여를 받기 위해서는 비자발적 퇴사로 처리가 되어야한다고하는데 혹시 내일배움카드 수강을 위한 퇴사도 정당한 사유로 인정이 될까요? 퇴사하고 국비자격증을...,,https://kin.naver.com/qna/detail.naver?dirId=6080402&docId=486872097&answerNo=9&qb=7Iuk7JeF6riJ7Jes,
55,실업급여미신청,7,N,2025.12.26.,7,고용보험,"검색질문, 통합검색궁금증, 통합검색질문하기",,실업급여안타두되나요? 실업급여 신청요건되어도 안타도 됩니다. 신청요건이 갖추면 1년내 실업급여 신청가능합니다,웃음행복(dfwe****),https://kin.naver.com/qna/detail.naver?dirId=6080402&docId=490998294&answerNo=1&qb=7Iuk7JeF6riJ7Jes,실업급여미신청
56,실업급여 180일 충족 되나요?,17,N,2026.04.03.,7,고용보험,,,25년 7월 18일 입사 26년 2월 28일 퇴사예정 일 경우 실업급여 180일 기간이 충족 되나요? 날짜상으로만 따지시면 충족됩니다.,,https://kin.naver.com/qna/detail.naver?dirId=6080402&docId=491779235&answerNo=8&qb=7Iuk7JeF6riJ7Jes,"180일, 충족"
57,실업급여 안되죠?,9,N,2026.06.02.,7,고용보험,,,대학 현장실습때 회사에서 고용보험이 아니라 산재보험만 가입을 했다면 실업급여에 필요한 180일수에 포함되지 않는거죠?? 넵.!! 고용보험 미가입이라 피보험 단위일수에...,갈거미(kp****),https://kin.naver.com/qna/detail.naver?dirId=6080402&docId=493667577&answerNo=4&qb=7Iuk7JeF6riJ7Jes,안되죠
58,실업급여대상자 가능하나요,13,N,2026.06.21.,7,고용보험,,,지식iN 상담 공인노무사 신제철 입니다. 피보험단위기간 요건을 만족하더라도 이직사유가 자발적 이직은 실업급여 대상이 아닙니다. 신제철 : 네이버 엑스퍼트,공인노무사 신제철(cpla****),https://kin.naver.com/qna/detail.naver?dirId=6080402&docId=493971079&answerNo=3&qb=7Iuk7JeF6riJ7Jes,"실업급여대상자, 가능하나요"
59,실업급여 4차 구직활동 이력서 궁금증,20,N,2026.07.03.,7,기타,,,이력서에 사진 넣고 구직활동 해야 인정 되나여? 자기소개서도 다 작성 해야 되나요..? 이력서는 기본이고. 자기소개서 요청시 작성해서 첨부하시면 됩니다.,,https://kin.naver.com/qna/detail.naver?dirId=814&docId=494143635&answerNo=3&qb=7Iuk7JeF6riJ7Jes,"4차, 이력서, 궁금증"
60,실업급여 관련문의,9,N,2026.09.02.,7,"고용, 고용복지",,,7월 마지막 급여수령을 받고 회사 상황때문에 권고사직예정인데 18개월이내기간 사대보험도 실업급여 신청할때 근무일수에 포함된다고 하더라구요!.. 25년 퇴사당시...,,https://kin.naver.com/qna/detail.naver?dirId=60804&docId=494215890&answerNo=8&qb=7Iuk7JeF6riJ7Jes,관련문의
61,권고사직 실업급여,9,N,2026.07.14.,7,고용보험,,,"하게 된답니다 180일 일수 못채울 거 같은데 저는 권고사직,실업급여는 아예 해당이 안되는 걸까요? 네, 180일이 충족되지 않으면 권고사직 되어도 실업급여 대상이 아닙니다..",종합도우미(boy8****),https://kin.naver.com/qna/detail.naver?dirId=6080402&docId=494300052&answerNo=2&qb=7Iuk7JeF6riJ7Jes,권고사직
62,실업급여 받을 수 있는 날짜,15,N,2026.07.20.,7,고용보험,"노무사님도와주세요, 노무사, 실업급여, 실업급여조건",,월-금 주5일 근무 9시-6시 주말 공휴일 휴무일때 실업급여 수급자격은 몇일 부터 가능한가요? 설날도 공휴일도 잇엇어서 계산을 어케 하는건지 모르겠어서요 참고로...,갈거미(kp****),https://kin.naver.com/qna/detail.naver?dirId=6080402&docId=494381054&answerNo=5&qb=7Iuk7JeF6riJ7Jes,받을
63,실업급여 피보험기간 180일 질문입니다,21,N,2026.07.21.,7,고용보험,,,1월5일부터 8월4일까지 근무이고 12시간씩 주 6일 일하였고 휴무가 한달에 5일 입니다. 이럴경우에 180일이 채워질까요? 1 먼저 고용보험에 가입을 해야 합니다 2...,친정오라버니(kkin****),https://kin.naver.com/qna/detail.naver?dirId=6080402&docId=494396348&answerNo=2&qb=7Iuk7JeF6riJ7Jes,"180일, 질문입니다"
64,실업급여 질문,7,N,2026.07.27.,7,고용보험,"실업급여, 실업급여조건, 실업급여수급자격",,8월 1일로 계약 종료에요 사직원에는 개인사정으로 인한 퇴사라고 썻는데 이럼 실업급여 못 받나요 사직서 내용보다는 실제 계약만료로 최종 퇴사면 실업급여 가능하십니다.,갈거미(kp****),https://kin.naver.com/qna/detail.naver?dirId=6080402&docId=494467833&answerNo=6&qb=7Iuk7JeF6riJ7Jes,
65,실업급여 조건이 될까요?,13,N,2026.08.04.,7,고용보험,,,"이후 타회사에서 1개월 단기계약직 근무후 계약종료로 끝나게 되면 실업급여에 해당할까요? 네, 실업급여 수급 자격 대상에 해당할 수 있습니다. 구직급여(실업급여) 수급...",힘내세요(ho****),https://kin.naver.com/qna/detail.naver?dirId=6080402&docId=494593842&answerNo=1&qb=7Iuk7JeF6riJ7Jes,조건이
66,자진퇴사 실업급여,9,N,2026.08.27.,7,고용보험,,,4대보험 150일 이상 가입되었으며 1년근무 후 자진퇴사 예정입니다 퇴사일로부터 14일정도는 휴식을 취할 예정이고 이후부터 재취업 활동 열심히 할건데 실업급여...,,https://kin.naver.com/qna/detail.naver?dirId=6080402&docId=494631788&answerNo=7&qb=7Iuk7JeF6riJ7Jes,
67,실업급여 관련 문의,10,N,2026.08.17.,7,고용보험,,,[실업급여 질문] 현 상황) 24년 9월 9일 입사 3개월 수습 후 계약서 작성 25년 9월 9일 재계약 재계약시 그전 계약서와 기본적인 사항들은 동일하나 급여는 바뀌였음...,,https://kin.naver.com/qna/detail.naver?dirId=6080402&docId=494666974&answerNo=7&qb=7Iuk7JeF6riJ7Jes,
68,실업급여 합산,7,N,2026.08.10.,7,고용보험,,,전에직장이 173일 그전직장이 한달입니다 이렇게 피보험합산하고싶은데 전직장 이직확인서는있는데 그전직장(한달) gs물류센터라 번호도 없고 대표번호전화해도...,갈거미(kp****),https://kin.naver.com/qna/detail.naver?dirId=6080402&docId=494669690&answerNo=3&qb=7Iuk7JeF6riJ7Jes,합산
69,아파서 받는실업급여조건,12,N,2026.09.01.,7,고용보험,,,일하다가 아파서 그만듄후 받는실업급여조건이궁금합니다 인터넷에선 휴직이나 그런근무형식변경이 안될때 근무중 병원다닐때 의사소견서 두가지가있다고들었는데...,,https://kin.naver.com/qna/detail.naver?dirId=6080402&docId=494691125&answerNo=7&qb=7Iuk7JeF6riJ7Jes,"아파서, 받는실업급여조건"
70,실업급여 수급 자격,10,N,2026.08.11.,7,고용보험,,,24년1~12월까지 계약직으로 일하고 25년에 실업급여받고 25.11월~26년10월일하면 계약만료시 실업급여 받을수있어요? 안녕하세요. 한국공인노무사회-네이버 지식iN 상담...,이후록노무사(lhrd****),https://kin.naver.com/qna/detail.naver?dirId=6080402&docId=494692899&answerNo=3&qb=7Iuk7JeF6riJ7Jes,자격
71,알바도 실업급여 받을 수 있나요?,18,N,2026.08.11.,7,고용안정,,,아예 조건이 성립을 안 하나요? 알바 실업급여 안내 질문자님은 주 15시간 미만이라면 보통 대상이 아니구요 해고통지서는 꼭 받는 게 좋을거에요!,렌트못한병아리(jds0****),https://kin.naver.com/qna/detail.naver?dirId=6080401&docId=494696561&answerNo=2&qb=7Iuk7JeF6riJ7Jes,"알바도, 받을"
72,실업급여 금액,7,N,2026.09.03.,7,고용보험,,,"4년정도 다녔고, 급여가 440만원(세전) 이었다면 실업급여를 받을 시, 몇 개월 / 얼마를 받을 수 있나요?? 블로그에 정리해놨어요,참고해보세요. https...",,https://kin.naver.com/qna/detail.naver?dirId=6080402&docId=494736250&answerNo=6&qb=7Iuk7JeF6riJ7Jes,
73,실업급여 일수,7,N,2026.08.16.,7,고용보험,"실업급여, 근무일수",,1 예전에 실업급여 한번고 안받았는데 실업급여를받을려고합니다 조회해보니 2017년도 일한것도있고 2024년도에 일용직일한것도있고 지금은 2026년이잖아요?...,,https://kin.naver.com/qna/detail.naver?dirId=6080402&docId=494762389&answerNo=4&qb=7Iuk7JeF6riJ7Jes,
74,계약직하던 중 알바하면 실업급여 못 받나요?,24,N,2026.08.17.,7,고용보험,,,"해도 실업급여 수령에 문제가 생기나요? 즉, 계약직으로 일하면서 퇴근 후나 주말에 기타소득 나오는 알바를 하다가 계약직 계약종료 후 직장과 알바 모두 그만둔다고 하면...",갈거미(kp****),https://kin.naver.com/qna/detail.naver?dirId=6080402&docId=494774310&answerNo=6&qb=7Iuk7JeF6riJ7Jes,"계약직하던, 알바하면, 받나요"
75,실업급여 관련질문,9,N,2026.08.18.,7,고용보험,,,인턴 3개월을 한뒤 정직원 전환 실패하여 계약만료로 퇴사하게 되었는데 실업급여가 1년차 이상부터 되는걸로 알고있는데 인턴하기전에 다니던 직장을 2년정도 다녔는데...,,https://kin.naver.com/qna/detail.naver?dirId=6080402&docId=494782756&answerNo=3&qb=7Iuk7JeF6riJ7Jes,관련질문
76,권고사직 실업급여 알바,12,N,2026.08.18.,7,고용보험,실업급여,,"권고사직으로 퇴사하게 되어서, 실업급여 신청했습니다. 아직 결과는 안 나왔는데, 1일 알바도 하면 안되나요? 쿠팡같은거요 실업급여와 단기알바 실업급여 신청 중에도 하루...",렌트못한병아리(jds0****),https://kin.naver.com/qna/detail.naver?dirId=6080402&docId=494787156&answerNo=1&qb=7Iuk7JeF6riJ7Jes,권고사직
77,"알바 퇴직금, 실업급여",12,N,2026.08.19.,7,"고용, 고용복지","알바, 아르바이트, 퇴직금, 실업급여",,안녕하세요 제가 10월이 되면 알바가 딱 1년이 돼서 계약 종료로 퇴사를 하고 퇴직금과 실업급여를 받으려고 했습니다 그런데 7월에 점장님이 10월 이후 연장 생각이 있냐고...,최창국공인노무사(cc37****),https://kin.naver.com/qna/detail.naver?dirId=60804&docId=494804987&answerNo=5&qb=7Iuk7JeF6riJ7Jes,
78,퇴직금 + 실업 급여,11,N,2026.08.23.,7,고용안정,"실업급여, 퇴직금",,팀장님 말로는 여기서 계약직으로 일하다 나가신 분들 모두 퇴직금이랑 실업급여 둘 다 받았다고 하더라구요. 제가 궁금한건 1. 계약기간 만료로 퇴직 시 퇴직금...,,https://kin.naver.com/qna/detail.naver?dirId=6080401&docId=494814963&answerNo=7&qb=7Iuk7JeF6riJ7Jes,
79,실업급여 기간 관련 문의드립니다!,18,N,2026.08.27.,7,고용보험,실업급여,,실업급여 일수 관련해서 질문드립니다. 현재 실업급여 만료일은 26년 12월 18일입니다. 그런데 제가 6개월 정도 근무 제안을 받았습니다. < 계약 종료일 27년 2월 28일 이 경우에...,갈거미(kp****),https://kin.naver.com/qna/detail.naver?dirId=6080402&docId=494899267&answerNo=6&qb=7Iuk7JeF6riJ7Jes,문의드립니다
80,임금체불로 실업급여 신청,13,N,2026.08.31.,7,고용보험,,,임금체불로 실업급여 신청하려하는데 검색해보니 분할지급 포함해 합쳐서 총 지연일수가 60일 이상이면 자발적인 퇴사여도 임금체불 코드로 실업급여 신청가능하다고...,,https://kin.naver.com/qna/detail.naver?dirId=6080402&docId=494959140&answerNo=4&qb=7Iuk7JeF6riJ7Jes,임금체불로
81,실업급여신청가능할까요?,12,N,2026.08.31.,7,고용보험,,,이런상황에 실업급여를 받을수있을까요? 징계해고에 해당되며 상기 사유로 사업장 신뢰에 있어 상당한 피해가 발생한 경우라면 모를까 그게 아니라면 수급 사유에 해당될수는...,갈거미(kp****),https://kin.naver.com/qna/detail.naver?dirId=6080402&docId=494975007&answerNo=1&qb=7Iuk7JeF6riJ7Jes,실업급여신청가능할까요
82,퇴직금 및 실업급여,10,N,2026.08.31.,7,고용보험,,,1년 채우고 퇴직금을 받으면 실업급여 신청을 못하나요? 제가 입사일이 2025년 11월7일이고 오늘 사장님이 1년채우고 퇴직금을 받고 나갈래? 아니면 명절까지만(9월까지만하고)...,갈거미(kp****),https://kin.naver.com/qna/detail.naver?dirId=6080402&docId=494976682&answerNo=4&qb=7Iuk7JeF6riJ7Jes,
83,실업급여 직원간 불화,11,N,2026.09.01.,7,고용보험,"실업급여, 실업급여수급자격, 해고예고수당",,퇴사할때 작성한 거는 아무것도 없었구요 사장님께서 실업급여 바로 신청 할 수 있게 오늘자로 이직확인서랑 고용보험 인가 그거 제출 해주신다고 하셨는데 오늘 전화와서...,청소년근로권익센터(yout****),https://kin.naver.com/qna/detail.naver?dirId=6080402&docId=494984582&answerNo=2&qb=7Iuk7JeF6riJ7Jes,"직원간, 불화"
84,실업급여 26-3,9,N,2026.09.01.,7,고용보험,,회사에서 퇴직을 권해서 퇴직하게 됬는데 이 사유도 실업급여 받을수 있나요? 회사에 피해를 끼칠만한 행동은 절대 안했고 단지 업무능력부족으로 퇴직을 했는데 비자발적 퇴사자가 아니라고 센터에 가서수급자격 신청서를 해라고 앱에사 떠서오ㅠㅠ,"질문자님이 올려주신 이미지의 이직사유는 03번, 즉 업무능력 부족 등으로 회사가 권고하여 퇴직한 경우입니다. 이 사유는 실업급여에서 비자발적 이직(수급 가능)로 인정되는 대표적인 유형입니다. 다만, 앱에서 “비자발적 퇴사자가 아니다 → 센터 방문하여 수급자격 신청서 작성”이라고 뜨는 이유는 자동 판정이 안 되어 고용센터에서 추가 확인이 필요하다는 의미입니다. 수급 불....",빛과소금,https://kin.naver.com/qna/detail.naver?answerNo=4&dirId=6080402&docId=494987334&kinsrch_src=pc_tab_kin&qb=7Iuk7JeF6riJ7Jes,
85,실업급여 이직사유 가능한가요?,16,N,2026.03.17.,6,고용보험,"실업급여조건, 실업급여대상, 실업급여계산기",,실업급여 가능할까요? 권고사직으로 되었으니 실업급여 대상 맞아요 걱정 안하셔도 됩니다 아래에서 실업급여 금액도 확인해 보세요,,https://kin.naver.com/qna/detail.naver?dirId=6080402&docId=492305243&answerNo=4&qb=7Iuk7JeF6riJ7Jes,이직사유
86,실업급여 질문,7,N,2026.05.21.,6,고용보험,,,퇴직후 실업급여 신청하고 며칠안되서 재취업하면 실업급여는 꽝인가여? 아예 못받나요? 취업하시면 실업급여는 못 받아요,나랑(axsm****),https://kin.naver.com/qna/detail.naver?dirId=6080402&docId=493496301&answerNo=1&qb=7Iuk7JeF6riJ7Jes,
87,실업급여 평균 임금 기준,13,N,2026.05.29.,6,고용보험,,,세금 떼기 전인가요 후인가요?? [답변] 세금 및 보험료 공제전 급여 기준입니다. 세후 기준 아닙니다...,사오정핵잠(gsah****),https://kin.naver.com/qna/detail.naver?dirId=6080402&docId=493610791&answerNo=1&qb=7Iuk7JeF6riJ7Jes,
88,전 직장에 대한 실업급여,13,N,2026.09.03.,6,고용보험,,,전 직장에서 1년 계약 만료로 퇴사하게 되어 아르바이트 3개월 근무 후 퇴직했는데 전 직장에 대한 실업급여를 신청할 수 있을까요? 올해 2월 8개월동안 근무하고 전 직장을...,,https://kin.naver.com/qna/detail.naver?dirId=6080402&docId=493651197&answerNo=7&qb=7Iuk7JeF6riJ7Jes,직장에
89,보험설계사 실업급여 수급,13,N,2026.06.19.,6,고용보험,"실업급여, 보험설계사",,처음 들어올때 여기는 실업 급여도 된다 라고 했는데 건강상 수술때문에 그만 둘 예정인데 일년은 했습니다ㅠ 가능할까요? 가능합니다만 고용보험에 가입되어있어야합니다,둥둥(seid****),https://kin.naver.com/qna/detail.naver?dirId=6080402&docId=493948654&answerNo=3&qb=7Iuk7JeF6riJ7Jes,보험설계사
90,실업급여 수급받고 같은 회사 재취업 후 다시,24,Y,2026.07.01.,6,고용보험,실업급여,,"제가 계약직으로 2년 근무 후 계약만료로 실업급여를 받았습니다. 실업급여 6개월 다 받은 상태인데, 같은 회사에서 다시 일할 생각 없냐고 연락을 받았어요. 회사 내규상 2년이...",가물치(h292****),https://kin.naver.com/qna/detail.naver?dirId=6080402&docId=494119958&answerNo=1&qb=7Iuk7JeF6riJ7Jes,"수급받고, 같은, 재취업, 다시"
91,"실업급여.,",6,N,2026.07.03.,6,고용보험,,,실업급여 받는 중에도 가끔씩 일용직 알바 해도 되나요? 가령 쿠팡 알바 같은거요.. 실업급여 도중에 알바는 가능하지만 고용센터에 신고를 해야 하구요 그 날의 실업급여는...,빛나라 대한민국(kts7****),https://kin.naver.com/qna/detail.naver?dirId=6080402&docId=494149465&answerNo=3&qb=7Iuk7JeF6riJ7Jes,
92,실업급여 연장,7,N,2026.07.09.,6,고용보험,,,재판을 받고 사회봉사명령 160시간과 교육 면담등 보호관찰2년 집행유예3년을 받은상태입니다 실업급여 연장 자격이 되는지 궁금합니다 개별연장급여 신청이 아니라 수급연기...,갈거미(kp****),https://kin.naver.com/qna/detail.naver?dirId=6080402&docId=494230872&answerNo=5&qb=7Iuk7JeF6riJ7Jes,
93,실업급여 신청기한,9,N,2026.07.20.,6,고용보험,,,"실업급여 신청은 퇴사후 바로 해야하나요 아니면 2-3개월후에 신청해도 되나요 실업급여 받을수 있는 기간이 270일이면 퇴사 후 2개월 내에,, 120일이면 퇴사 후 7개월 내에...",갈거미(kp****),https://kin.naver.com/qna/detail.naver?dirId=6080402&docId=494384530&answerNo=2&qb=7Iuk7JeF6riJ7Jes,신청기한
94,실업급여 신청,7,N,2026.07.24.,6,고용보험,,,안녕하세요 어제 실업급여 교육듣고 왔는데 그것 들으면 돈이 들어와야 되는데 아직 않들어왔는데요 어제 쥐업드림인가 수첩도 받았는데 없는데요 듣기로는 실업급여 신청하면...,구미열린행정사(mu****),https://kin.naver.com/qna/detail.naver?dirId=6080402&docId=494436515&answerNo=1&qb=7Iuk7JeF6riJ7Jes,
95,실업급여 날짜좀 봐주세요 정정,16,N,2026.07.27.,6,"고용, 고용복지",,,실업급여 날짜좀 봐주세요 정정합니다 작년 4월4일 가입 올해 1월7일 상실 되었다가 5월21일부터 넣고 있는데요 자영업자입니다. 날짜가 언제 쯤 고용보험 받을 수 있나요?...,갈거미(kp****),https://kin.naver.com/qna/detail.naver?dirId=60804&docId=494464664&answerNo=5&qb=7Iuk7JeF6riJ7Jes,"날짜좀, 정정"
96,3.3프로 실업급여,10,N,2026.07.27.,6,고용보험,"실업급여, 실업급여조건, 예술인실업급여",,3프로로 들어가있어서 4대보험 안들어져 있는 상태인데 실업급여 신청 해볼수있나요..?ㅠㅠ 3.3프로에는 급여 받은 내역 다 올라가있어요 3.3% 신고하면 실업급여 못...,종합도우미(boy8****),https://kin.naver.com/qna/detail.naver?dirId=6080402&docId=494478359&answerNo=1&qb=7Iuk7JeF6riJ7Jes,3프로
97,실업급여 끝났는데 실업크레딧 출금,18,N,2026.07.27.,6,고용보험,"실업급여, 실업크레딧",,"제가 1월부터 6월 12일을 마지막으로 실업급여 수급이 끝이났습니다 4월쯤에 실업크레딧 신청하라고 와서 신청해서 4,5,6월에 자동이체 되어나갔고 7월 27일에 2개월치가...",갈거미(kp****),https://kin.naver.com/qna/detail.naver?dirId=6080402&docId=494483447&answerNo=5&qb=7Iuk7JeF6riJ7Jes,"끝났는데, 실업크레딧, 출금"
98,실업급여질문,6,N,2026.07.28.,6,고용보험,,,2024년1월31일퇴사(2년5개월근무)ㅡ공백ㅡ2026년8월5일입사8개월일한후 퇴사 두번째일한회사서 실업급여 요건으로 짤리면 첫번째일한회사근무 개월도 합산되나요 넵.!!...,갈거미(kp****),https://kin.naver.com/qna/detail.naver?dirId=6080402&docId=494491319&answerNo=1&qb=7Iuk7JeF6riJ7Jes,실업급여질문
99,실업급여 부정인가요?,11,N,2026.07.30.,6,고용보험,,,"그래서 실업급여를 신청을 하려고 하는데 이것도 부정이될 수 있나요? 4대보험 모두 가입으로 근무 및 최종 비자발적 퇴사, 근무기간 중 피보험 단위일수가 최소 180일 이상인...",갈거미(kp****),https://kin.naver.com/qna/detail.naver?dirId=6080402&docId=494526029&answerNo=5&qb=7Iuk7JeF6riJ7Jes,부정인가요
100,실업급여 취업,7,N,2026.07.30.,6,고용보험,"실업급여, 취업",,안녕하세용 실업급여 관련해서 궁금한게 있어 올려봅니다. 제가 8월10일이 마지막 실업급여날짜인데 8월3일부터 취업을 해서 직장에 다닙니다. 남은 실업급여는...,청소년근로권익센터(yout****),https://kin.naver.com/qna/detail.naver?dirId=6080402&docId=494527151&answerNo=5&qb=7Iuk7JeF6riJ7Jes,
101,퇴직금 실업급여,8,N,2026.07.31.,6,"고용, 고용복지",,,퇴사후 실업급여 인정될까요? 인포데스크 업무라면 근로자성인정이 어렵지 않습니다. 따라서 1년 이상 근무하고 퇴사하면 퇴직금이 발생합니다. 만약 주휴수당을 지급받지...,공인노무사 김동희(holy****),https://kin.naver.com/qna/detail.naver?dirId=60804&docId=494535512&answerNo=2&qb=7Iuk7JeF6riJ7Jes,
102,실업급여 부정수급에 걸릴수도 있나요?,20,N,2026.08.01.,6,고용보험,,,"실업급여 수급기간 중 본인계좌에서 본인의 타행 계좌로 60만원 입금 실제 근로한 사실도 없고, 자신의 계좌에서 자신의 계좌로 송금했지만 은행 적금상품의 우대금리조건인...",신천옹(cjro****),https://kin.naver.com/qna/detail.naver?dirId=6080402&docId=494553625&answerNo=1&qb=7Iuk7JeF6riJ7Jes,"부정수급에, 걸릴수도"
103,실업급여 질문,7,N,2026.08.03.,6,고용보험,,,"안해줄 거 같은데,, 권고사직이 아닌 자발적 퇴사라면 실업급여를 받을 수 없을까요? 넵.! 십수년을 근무를 했다 하더라도 일반적 자발적 퇴사는 실업급여가 안되십니다.",갈거미(kp****),https://kin.naver.com/qna/detail.naver?dirId=6080402&docId=494573972&answerNo=4&qb=7Iuk7JeF6riJ7Jes,
104,실업급여 질문,7,N,2026.08.04.,6,고용보험,,,궁금한점이 있어질문드립니다 1.자발퇴사후 며칠안으로 계약직 구해야하나요? 2.이직확인서는 자발퇴사후 요청하면될까요(1번째회사) 3.자발퇴사회사가 고용보험...,민승기노무사(mm****),https://kin.naver.com/qna/detail.naver?dirId=6080402&docId=494586344&answerNo=4&qb=7Iuk7JeF6riJ7Jes,
105,실업급여 질문,7,N,2026.08.05.,6,고용보험,,,실업급여를 받고있습니다 기간은 3월3일 ~ 8월7일 입니다 이번 7일이 마지막으로 받는날인데 고용센터에서 카톡으로 구직재신청 안내가 왔습니다. 질문 1. 구직 재신청하면...,메치니코프(psyg****),https://kin.naver.com/qna/detail.naver?dirId=6080402&docId=494606581&answerNo=1&qb=7Iuk7JeF6riJ7Jes,
106,실업급여 이직확인서 피보험단위기간,18,N,2026.08.05.,6,고용보험,"실업급여, 이직확인서, 피보험단위기간, 실업급여조건, 고용24",,실업급여를 타려면 이직확인서가 신고되어 있는지 확인하라고 하던데요. 제가 올해 2.2. ~ 6.12.까지 A 기관에서 근무하고 계약 만료가 됐고요. 동일 기관에서 6.15. ~ 7.31.까지...,갈거미(kp****),https://kin.naver.com/qna/detail.naver?dirId=6080402&docId=494606697&answerNo=4&qb=7Iuk7JeF6riJ7Jes,피보험단위기간
107,실업급여 해지,7,N,2026.08.08.,6,고용보험,,,"취직하게되어 해지하는법알려주세요 고용센터에 통보 바랍니다. . 그런데 여기서 ""해지 "" 라는 표현은 잘못입니다.",,https://kin.naver.com/qna/detail.naver?dirId=6080402&docId=494650731&answerNo=5&qb=7Iuk7JeF6riJ7Jes,해지
108,실업급여 신청,7,N,2026.08.17.,6,"고용, 고용복지",,,부당해고로 잘렸는데 이제 자기발로 나가도 급여를 받을수 있다는데 제가 일하던곳이 작정하고 실업급여 못 타게 해서요 언제부터 개편되고 신청방법은 어떻게...,,https://kin.naver.com/qna/detail.naver?dirId=60804&docId=494659475&answerNo=7&qb=7Iuk7JeF6riJ7Jes,
109,실업급여 마지막 회차,11,N,2026.08.09.,6,고용보험,,,"소정급여일수를 맞추면서 조정되는 경우가 있어, 마지막 회차라고 별도의 종료신고를 추가로 하는 것은 아닙니다. 고용24도 특정 회차를 제외하면 온라인 실업인정 신청이...",코웨이 이팀장(roya****),https://kin.naver.com/qna/detail.naver?dirId=6080402&docId=494661088&answerNo=1&qb=7Iuk7JeF6riJ7Jes,
110,주말알바 실업급여,9,N,2026.08.09.,6,고용보험,"실업급여, 노무사",,"되어있던데 실업급여를 받을수있는지 궁금합니다 총근무일수는 23년 - 직원 42일 24년 - 직원 93일, 알바 97일 25년 - 직원 39일, 알바 99일 26년 - 직원 10일, 알바 67일...",렌트못한병아리(jds0****),https://kin.naver.com/qna/detail.naver?dirId=6080402&docId=494665049&answerNo=1&qb=7Iuk7JeF6riJ7Jes,주말알바
111,임금체불 실업급여,9,N,2026.08.23.,6,노동법,"임금체불, 실업급여",,임금체불로 실업급여 인정을 받을 수 있을까요? https://blog.naver.com/laborlaw_114 laborlaw_114님의 블로그 : 네이버 블로그 20년 차 대지급금 전문 노무사 혼자 고민은 끝!!...,,https://kin.naver.com/qna/detail.naver?dirId=60222&docId=494673660&answerNo=6&qb=7Iuk7JeF6riJ7Jes,임금체불
112,실업급여 2차 제출,10,N,2026.08.11.,6,고용보험,,,"기간이 8/11~9/7일 인데, 8/11에 온라인 특강 수강하고 실업 인정일에 제출만 하면 끝인가요? 그게 뭐든(강의, 구직활동) 실업급여신청일에 내야 합니다. 그게 가장 중요합니다.",,https://kin.naver.com/qna/detail.naver?dirId=6080402&docId=494699040&answerNo=1&qb=7Iuk7JeF6riJ7Jes,"2차, 제출"
113,1년계약직 실업급여 질문드려요,16,N,2026.08.13.,6,고용안정,"실업급여, 계약직실업급여, 계약직, 노동청",,이럴경우에 실업급여 수급이 어려울까요.. 내공 겁니다 ㅠㅠ 회사에서 계약 종료후 계약연장을 하지 않고 질문자가 계약 기간후 퇴사 하겠다고 했으니 일반퇴사가 되기 때문...,신천옹(cjro****),https://kin.naver.com/qna/detail.naver?dirId=6080401&docId=494721855&answerNo=2&qb=7Iuk7JeF6riJ7Jes,"1년계약직, 질문드려요"
114,실업급여 받으며 학은제,12,N,2026.08.13.,6,고용보험,,,실급 받으면서 학은제 하려는데 많이 힘든가요? 학점은행제는 온라인으로 이론과목이 진행되기 때문에 힘들지않아요 혹시 어떤 과정으로 학점은행제 진행하려고 하시나요?,지유쌤(unps****),https://kin.naver.com/qna/detail.naver?dirId=6080402&docId=494723970&answerNo=6&qb=7Iuk7JeF6riJ7Jes,"받으며, 학은제"
115,실업급여를 받을수 있까요?,14,N,2026.08.13.,6,"고용, 고용복지","실업급여, 급여",,현재 그만 둔다고 말하고 그만두면 실업급여를 받을수 있을까요? 아니면 못받나요? 지금 그만둔다면 자발적 퇴사로 실업급여 대상이 안됩니다. 해고통지서 받고 그만둬야 합니다.,중서문하성낭사(nang****),https://kin.naver.com/qna/detail.naver?dirId=60804&docId=494724004&answerNo=2&qb=7Iuk7JeF6riJ7Jes,"받을수, 있까요"
116,만 60세 이상 실업급여 4차 방법,19,N,2026.08.15.,6,고용보험,실업급여,,"실업급여 4차 째는 무조건 고용노동부였나? 쨋든 거기를 방문을 해야하는걸로 알고있어요. 가기전에 구직활동, 재취업활동을 해야하는걸로 알고있는데.. 만 60세 이상은...",갈거미(kp****),https://kin.naver.com/qna/detail.naver?dirId=6080402&docId=494736656&answerNo=3&qb=7Iuk7JeF6riJ7Jes,"60세, 4차"
117,실업급여 신청 후 대기기간동안 수익이 없어,23,Y,2026.08.14.,6,고용보험,,,제가 오늘 실업급여를 신청했는데 급전이 필요해서 실업급여 인정 처리 될 때까지 쿠팡이나 이런 것도 안될까요? 가능합니다. 실업급여 신청했다고 해서 대기기간 동안 수익이...,명경지수심심상인(zksp****),https://kin.naver.com/qna/detail.naver?dirId=6080402&docId=494740451&answerNo=1&qb=7Iuk7JeF6riJ7Jes,"대기기간동안, 수익이, 없어"
118,실업급여 신청요건,9,N,2026.08.16.,6,고용보험,,,하면 실업급여를 받을수있다고하는데 이게 1개월이상 4대보험을 들어야하는건지 아니면 2주 계약직이여도 4대보험만 들수있으면 되는건지 궁금합니다. 전문가 분들...,,https://kin.naver.com/qna/detail.naver?dirId=6080402&docId=494759861&answerNo=1&qb=7Iuk7JeF6riJ7Jes,신청요건
119,일용직 실업급여 문제,11,N,2026.08.17.,6,고용보험,"실업급여, 실업급여조건, 일용직실업급여",,일용직 실업급여에 관련하여 문의 드립니다. 2025-06 ~ 2026-07-31 까지 현장공무로 일을 하였습니다. 계약은 고정급 일용직으로 계약이 되어있구 2026-08-10일 부터 2026-08-14...,갈거미(kp****),https://kin.naver.com/qna/detail.naver?dirId=6080402&docId=494766900&answerNo=6&qb=7Iuk7JeF6riJ7Jes,
120,실업급여 일일알바 기준,12,N,2026.08.17.,6,고용보험,,,일일알바 저런거하면 실업급여 지급액 감액되나요? 안녕하세요 :) 실업급여와 일일알바 기준 질문자님처럼 한 달에 4회 이하로 짧게 일하는 경우라도 일을 해서 돈을 받으면...,,https://kin.naver.com/qna/detail.naver?dirId=6080402&docId=494769142&answerNo=2&qb=7Iuk7JeF6riJ7Jes,일일알바
121,실업급여 4건중 3건만 구직활동,17,N,2026.08.28.,6,고용보험,,,실업급여 4건중 3건만하면 절반만 지급되는지 궁금합니다. 내일 18일 실업급여 마지막지급일입니다. 답변 부탁드립니다. 아닙니다. 4회 중 3회만 했다고 해서 전체...,,https://kin.naver.com/qna/detail.naver?dirId=6080402&docId=494769413&answerNo=6&qb=7Iuk7JeF6riJ7Jes,"4건중, 3건만"
122,실업급여 조기취업,9,N,2026.08.17.,6,고용보험,,,안녕하세요8.3 1차실업급여인정에 일부받고 2차실업인정일이8.31입니다 근데 제가8.21에 입사예정이라 입사 하면서 취업을하였다고 신고예정인데 8.3~8.20 에대한 실업급여는...,코웨이 이팀장(roya****),https://kin.naver.com/qna/detail.naver?dirId=6080402&docId=494771860&answerNo=2&qb=7Iuk7JeF6riJ7Jes,
123,실업급여 이직확인서,10,N,2026.08.17.,6,"고용, 고용복지",,,근데 저는 이걸 짤렸다고 인지해서 실업급여 신청을 위해 이직확인서를 요구하였으나 사측에서는 제가 나간다고 하여 자진퇴사라며 실업급여 사유가 안된다고 우기고...,,https://kin.naver.com/qna/detail.naver?dirId=60804&docId=494776590&answerNo=1&qb=7Iuk7JeF6riJ7Jes,
124,암으로 알바를 관뒀을때 실업급여 가능한가,22,Y,2026.08.18.,6,고용보험,"알바, 실업급여",,"국민취업지원제도라는 걸 알게되어 수급중인데, 실업급여도 가능하단 소릴 어디서 듣게 되서 문의드립니다. 아래와 같우 상황인데 가능할지요.. 답변 주심 감사하겠습니다...",,https://kin.naver.com/qna/detail.naver?dirId=6080402&docId=494779454&answerNo=4&qb=7Iuk7JeF6riJ7Jes,"암으로, 알바를, 관뒀을때, 가능한가"
125,실업급여 신청,7,N,2026.08.18.,6,고용보험,,,제가 실업급여 신청을 했는데 복지센터 상담사가 기간근로가 짧다는 이유로 두 회사에서 이직신청서를 요구했습니다. 하지만 마지막으로 다닌곳은 계약만료로 인정되지만 다른...,갈거미(kp****),https://kin.naver.com/qna/detail.naver?dirId=6080402&docId=494783480&answerNo=4&qb=7Iuk7JeF6riJ7Jes,
126,실업급여 조개재취업수당,12,N,2026.09.03.,6,고용보험,,,안녕하세요 실업급여를 3회차까지받다가 사업자를내고 9개월이 지났는데 조기재취업수당이라는게 있더라구요 근데 자영업활동계획서라는게 있더라구요 안내를...,,https://kin.naver.com/qna/detail.naver?dirId=6080402&docId=494789378&answerNo=4&qb=7Iuk7JeF6riJ7Jes,조개재취업수당
127,실업급여 수령 문의,10,N,2026.08.19.,6,고용보험,,,실업급여 수령 문의 만 62세에 아파트 관리사무소에 취업해서 현재 만 67세인데 26.09.30일 재계약하지 않겠다. 고 서면 통보받았습니다. 만 65세되던 해(年)에 인터넷 쇼핑몰...,김정식 노무사(ckla****),https://kin.naver.com/qna/detail.naver?dirId=6080402&docId=494797356&answerNo=2&qb=7Iuk7JeF6riJ7Jes,수령
128,실업급여 신청조건,9,N,2026.08.27.,6,고용안정,,,"바로 실업급여 신청이될까요? 오늘 8/19일이니까 신청일 기준 직전1개월간 ( 7/19~8/18) 근로내역 3일이니까 신청이 가능한가요? 네, 질문 내용대로라면 신청 가능성이...",마징가(ac****),https://kin.naver.com/qna/detail.naver?dirId=6080401&docId=494800427&answerNo=6&qb=7Iuk7JeF6riJ7Jes,신청조건
129,해고 시 실업급여 조건(고용보험 18개월 미만,25,Y,2026.08.21.,6,고용안정,,,고용보험 18개월 미만이고 재직은 12개월 이상입니다 해고 시 실업급여 조건은 고용승계라도 핵심은 같아요! 질문자님처럼 고용보험 18개월 미만이어도 재직 12개월 이상이면...,붐붐붐(kaka****),https://kin.naver.com/qna/detail.naver?dirId=6080401&docId=494837061&answerNo=1&qb=7Iuk7JeF6riJ7Jes,"해고, 18개월, 미만"
130,"자진퇴사 시 실업급여 인정, 3시간 통근 조건",25,Y,2026.08.26.,6,고용보험,"오늘숏텐츠, 실업급여, 자진퇴사, 통근시간, 고용보험",,"최근에 자진퇴사를 고려 중인데, 실업급여 조건 중에 '3시간 통근'이라는 게 있다고 들었습니다. 이게 정확히 어떤 조건을 말하는 건지, 그리고 어떤 자료가 필요한지...",,https://kin.naver.com/qna/detail.naver?dirId=6080402&docId=494898710&answerNo=4&qb=7Iuk7JeF6riJ7Jes,"인정, 3시간"
131,실업급여 4차 구직활동,12,N,2026.08.26.,6,고용보험,,,"신청하셔야 하며, 4차 인정일에는 출석 의무 대상자인지 고용센터 지침을 함께 확인하시기 바랍니다. 실업급여에 대해 보다 자세한 내용은 아래 글에서 확인하실 수 있습니다.",,https://kin.naver.com/qna/detail.naver?dirId=6080402&docId=494901382&answerNo=5&qb=7Iuk7JeF6riJ7Jes,4차
132,실업급여가 궁금해요,10,N,2026.08.27.,6,고용보험,,근무한지는 9년2개월 입니다 급여는 260만원 입니다 혹시 실여급여가 얼마정도 되나요?,"근무기간이 9년 2개월이고 월급이 260만원이라면, 고용보험 가입기간도 동일하게 5년 이상~10년 미만에 해당한다고 가정할 때 계산할 수 있습니다. 2026년 퇴사자 기준 실업급여는 원칙적으로 퇴직 전 평균임금의 60%를 기준으로 하지만, 금액이 하한액보다 낮으면 하한액이 적용됩니다. 하루 8시간 근무자라면 2026년 구직급여 하한액은 1일 66,048원입니다. 월급 260만원이라면 평균임금의 60%로....",코웨이 이팀장,https://kin.naver.com/qna/detail.naver?answerNo=1&dirId=6080402&docId=494922372&kinsrch_src=pc_tab_kin&qb=7Iuk7JeF6riJ7Jes,실업급여가
133,실업급여 수급시 알바기준,13,N,2026.08.29.,6,"고용, 고용복지",,,실업급여액이 너무적어 세금내기도 벅차네요ㅠ 안녕하세요 :) 실업급여 중 알바 기준 주15시간과 주60시간은 보통 함께 봅니다 주16시간 월60시간이면 원칙적으로 초과로 볼...,,https://kin.naver.com/qna/detail.naver?dirId=60804&docId=494939964&answerNo=3&qb=7Iuk7JeF6riJ7Jes,"수급시, 알바기준"
134,실업급여 받는거 가족도 알수있나요?,19,N,2026.08.30.,6,고용보험,실업급여,,현재 제가 실업급여 받고있는 상태이며 친형도 갑자기 실업급여를 받을 상황이 생겼습니다 저는 친형한테 이유가 있어서 실업급여 받고 있다는 얘기를 안했습니다 혹시...,정부 복지정책 전문(leop****),https://kin.naver.com/qna/detail.naver?dirId=6080402&docId=494956259&answerNo=5&qb=7Iuk7JeF6riJ7Jes,"받는거, 가족도, 알수있나요"
135,실업급여받을수 있나요?,12,N,2026.08.31.,6,고용보험,"실업급여, 실업급여조건, 실업급여수급자격, 실업급여신청",,제가 11월말부터 이번9월까지 일했는데 3.3만 떼고 계좌말고 현금수령증써서 현금받았는데 받을수있을까요?받을려면 어디에 말해야되고 뭘 준비해야될까요 실업급여 수급...,빛과소금(inte****),https://kin.naver.com/qna/detail.naver?dirId=6080402&docId=494963972&answerNo=1&qb=7Iuk7JeF6riJ7Jes,실업급여받을수
136,실업급여 문의,7,N,2026.08.31.,6,고용보험,"실업급여, 고용보험법, 자발적퇴사, 이어받기, 피보험단위시간",,"2026년 03월 A직장 퇴사 - 06회사의 주문량·작업량 감소 등과 같은 경영의 악화로 인해 이직한 경우 - 실업급여 수급자격 인정, 실제 실업급여를 받은 적은 없음 2. 2026년 06월...",빛과소금(inte****),https://kin.naver.com/qna/detail.naver?dirId=6080402&docId=494965307&answerNo=6&qb=7Iuk7JeF6riJ7Jes,
137,실업급여 수령,7,N,2026.08.31.,6,고용보험,,,"택배기사인데 퇴사 하려는데 실업급여 가능한지요. 혹 회사에서, 서류를 받아야 하는지요. 실업급여는 회사가 사정에의해 해고했을때만가능합니다",,https://kin.naver.com/qna/detail.naver?dirId=6080402&docId=494967933&answerNo=1&qb=7Iuk7JeF6riJ7Jes,수령
138,실업급여받는 조건이 궁금합니다.,17,N,2026.08.31.,6,고용보험,"법률상담, 법률자문, 실업급여, 실업급여조건, 실업급여수급자격, 실업급여부정수급",,실업급여를 신청했는데 조건이 맞지 않다고합니다. 가지고 있는 재산때문이라는데 어느정도가 있어야 조건에 맞는지 알고 싶습니다. 실업급여 신청 후 조건이 맞지...,PerkKindler(perk****),https://kin.naver.com/qna/detail.naver?dirId=6080402&docId=494967988&answerNo=3&qb=7Iuk7JeF6riJ7Jes,"조건이, 궁금합니다"
139,실업급여 단기일용직,10,N,2026.08.31.,6,고용보험,,,실업급여 수급 관련하여 부정수급 인한 불이익 방지를 위해 사전에 관할 고용센터 담당자에게 문의를 해보실 것을 권유드립니다. ※ 만 35세 이상 성인 근로자의 경우...,청소년근로권익센터(yout****),https://kin.naver.com/qna/detail.naver?dirId=6080402&docId=494968776&answerNo=1&qb=7Iuk7JeF6riJ7Jes,단기일용직
140,실업급여 신청전 단기알바 질문,16,N,2026.08.31.,6,고용보험,,,제가 지금 일하는곳이 8월31일에 계약이 끝나고 9월7일부터 실업급여 신청을 할려고하는데 9월4일~9월6일 단기알바를 할려고 하는데 단기알바 같은경우 10일 미만이면...,,https://kin.naver.com/qna/detail.naver?dirId=6080402&docId=494974362&answerNo=2&qb=7Iuk7JeF6riJ7Jes,신청전
141,실업급여 문의,7,N,2026.09.01.,6,고용보험,,,안녕하세요 실업급여 문의 드립니다 2025년8월1일 입사 2026년8월3일 퇴사 주6일 12시간 근무하였습니다 중간 휴식시간1시간30분 입사했을 당시 한달 뒤 기한없는표준근로계약서...,,https://kin.naver.com/qna/detail.naver?dirId=6080402&docId=494983500&answerNo=5&qb=7Iuk7JeF6riJ7Jes,
142,실업급여궁금증,7,N,2026.09.02.,6,고용보험,,,그러니 9월 9일날 1차 실업인정일에 오라고하는데 9월 9일전까지 면접을 봐야되나요?ㅠ 선생님은 현재 실업급여 신청자 신분이지 수급대상자는 아직 아닙니다. 그러므로...,갈거미(kp****),https://kin.naver.com/qna/detail.naver?dirId=6080402&docId=494993706&answerNo=5&qb=7Iuk7JeF6riJ7Jes,실업급여궁금증
143,실업급여,4,N,2023.11.04.,5,고용보험,,,10개월 계약 끝나면 실업급여는 최대 몇 개월 받나요? 120일 입니다.,갈거미(kp****),https://kin.naver.com/qna/detail.naver?dirId=6080402&docId=457903271&answerNo=5&qb=7Iuk7JeF6riJ7Jes,
144,쿠팡 실업급여와 퇴직금 질문,15,N,2026.07.19.,5,"고용, 고용복지","쿠팡일용직실업급여, 쿠팡일용직퇴직금",,질문1:쿠팡 일용직 실업급여를 받으면 퇴직금을 못받나요? 질문2:만약 실업급여만 받았고 퇴직금은 못받았은 상태에서 실업급여 만료후 쿠팡을 이어서 다시 다니게되면...,,https://kin.naver.com/qna/detail.naver?dirId=60804&docId=484065312&answerNo=6&qb=7Iuk7JeF6riJ7Jes,실업급여와
145,건설 일용직 실업급여 신청 조건 및 수령액,23,N,2026.08.13.,5,고용보험,,,건설 현장 일용직으로 일하고 있는데 혹시 일용직도 월급 2달 밀리면 실업급여 신청 할수있나요? 신청이 되면 실업급여 얼마나오나요? 6월에 근로한 7월 25일 급여 미지급 7월...,,https://kin.naver.com/qna/detail.naver?dirId=6080402&docId=487918018&answerNo=5&qb=7Iuk7JeF6riJ7Jes,"건설, 수령액"
146,실업급여 부정 수급 자진신고 취소,18,N,2026.08.18.,5,고용보험,,,고용24 홈페이지에서 실업급여 부정 수급 자진신고했는데 취소 가능한가요? 제가 잘못 알고 신고했는데 고용24 홈페이지에 신청 창만 있고 취소 현황은 알 수 없어서...,민승기노무사(mm****),https://kin.naver.com/qna/detail.naver?dirId=6080402&docId=487922080&answerNo=5&qb=7Iuk7JeF6riJ7Jes,"자진신고, 취소"
147,실업급여 예상금액,9,N,2025.08.14.,5,고용보험,실업급여,,"예상실업급여 금액이 얼마일까요? 하루 64,192원 입니다.",종합도우미(boy8****),https://kin.naver.com/qna/detail.naver?dirId=6080402&docId=488000595&answerNo=1&qb=7Iuk7JeF6riJ7Jes,예상금액
148,실업급여문의,6,N,2025.11.28.,5,고용보험,,,보험설계사로 일하면서 실업급여 같이.받을 수 있나요 없습니다.,,https://kin.naver.com/qna/detail.naver?dirId=6080402&docId=490466213&answerNo=4&qb=7Iuk7JeF6riJ7Jes,
149,실업급여!!!,7,N,2025.12.31.,5,고용보험,,,오늘 마지막 출근하고 퇴근했는데 9개월동안 바로 실업급여 신청 해도되나요? 대충 됩니다.,,https://kin.naver.com/qna/detail.naver?dirId=6080402&docId=491095040&answerNo=4&qb=7Iuk7JeF6riJ7Jes,
150,4차 실업급여 인정방법,12,N,2026.04.20.,5,고용보험,,,"무엇을 해야 한는 걸까요? 1,2,3 온라인 취업특강 했어요 이력서 넣으세요",메치니코프(psyg****),https://kin.naver.com/qna/detail.naver?dirId=6080402&docId=493048609&answerNo=1&qb=7Iuk7JeF6riJ7Jes,"4차, 인정방법"
151,실업급여 부정수급 신고,12,N,2026.08.23.,5,고용보험,"부정수급, 부정수급신고, 부정수급조사, 실업급여, 포상금",,실업 급여 부정수급 신고를 작년 12월 달에 했는데 아직도 제출 완료라고만 뜨고 신고가 안들어간건 가요? 1. 원래 이렇게 오래 걸리나요? 2. 원래 그런것이 아니라면 어디에...,이관수노무사(iwil****),https://kin.naver.com/qna/detail.naver?dirId=6080402&docId=493108002&answerNo=5&qb=7Iuk7JeF6riJ7Jes,
152,실업급여 문의,7,N,2026.05.12.,5,고용보험,실업급여,,1년1개월 근무 4대보험 가입 자진퇴사후 2주 알바 산재.고용가입 실업급여 받을수있나요? 2주 알바에서 자진퇴사했다면 실업급여 수급이 어려울 수 있습니다.,현명한육아맘(henc****),https://kin.naver.com/qna/detail.naver?dirId=6080402&docId=493363583&answerNo=4&qb=7Iuk7JeF6riJ7Jes,
153,실업급여 상한액 하한액에 대해 설명해주실,22,Y,2026.08.14.,5,고용보험,,,이번에 실업급여 타려고 이것저것 조사중입니다 근데 상한액 하한액이라는 제도가 있더라구요 이거 때문에 받던 월급보다 실업급여가 더 클 가능성도 있다고...,,https://kin.naver.com/qna/detail.naver?dirId=6080402&docId=493578408&answerNo=4&qb=7Iuk7JeF6riJ7Jes,"하한액에, 설명해주실"
154,실업급여 상담,7,N,2026.05.28.,5,고용보험,,,실업급여 관련 대면 상담 받고싶은데 고용센터 가면 해주나요? 고용복지플러스센터랑 고용노동부가 있던데 어디로 가야되나요? 실업급여 관련 대면 상담은 실거주지 관할...,갈거미(kp****),https://kin.naver.com/qna/detail.naver?dirId=6080402&docId=493595700&answerNo=4&qb=7Iuk7JeF6riJ7Jes,
155,실업급여 통장사본,9,N,2026.06.11.,5,고용보험,,,고용센터 방문할때 통장사본도 가져가야하나요? 네. 통장사본 챙겨가셔야 합니다,,https://kin.naver.com/qna/detail.naver?dirId=6080402&docId=493795533&answerNo=1&qb=7Iuk7JeF6riJ7Jes,
156,실업급여 조건,7,N,2026.08.03.,5,고용보험,,,6개월의 인턴을 마무리 하고 아르바이트와 인턴일한 날짜들을 합쳐서 제가 실업급여를 받을 자격이 될까요? 아르바이트와 인턴 기간의 고용보험 가입기간은 합산될 수...,,https://kin.naver.com/qna/detail.naver?dirId=6080402&docId=493822075&answerNo=4&qb=7Iuk7JeF6riJ7Jes,
157,실업급여 알려주세요,10,N,2026.06.15.,5,고용보험,,,개념을 잘몰겠습니당~~~ 질문을 할때 최소한의 공부를 하고 질문 바랍니다.,,https://kin.naver.com/qna/detail.naver?dirId=6080402&docId=493873195&answerNo=2&qb=7Iuk7JeF6riJ7Jes,
158,실업급여 4차 입금일,11,N,2026.06.18.,5,"노동 정책, 제도",,,오늘 실업급여 4차 방문해서 서류제출 했는데 돈 입금은 보통 언제되나요? 해당 인정일로 부터 당일 오후 또는 그 다음날 오전 중으로 지급될 가능성이 상당히 높겠습니다.,갈거미(kp****),https://kin.naver.com/qna/detail.naver?dirId=60805&docId=493915763&answerNo=3&qb=7Iuk7JeF6riJ7Jes,4차
159,실업급여관련,6,N,2026.06.18.,5,고용보험,,,지금직장은 3년이상 다니다가 자진퇴사하고 계약직 1달정도하고 계약만료로 실업급여 받을수가있을까요? 자진퇴사 이후 계약직 1달 정도가 4대보험 모두 가입으로 최소...,갈거미(kp****),https://kin.naver.com/qna/detail.naver?dirId=6080402&docId=493933144&answerNo=5&qb=7Iuk7JeF6riJ7Jes,실업급여관련
160,실업급여 부정수급,9,N,2026.06.18.,5,고용보험,"실업급여, 실업급여부정수급",,실업급여 받는 도중 중고거래를 이용한 소득 스포츠 토토를 당첨 수익 소득 가족에게 받은 용돈 이런 것들이 문제가 될까요?? 그리고 소정급여일수가 150일이던데 그러면 150일...,갈거미(kp****),https://kin.naver.com/qna/detail.naver?dirId=6080402&docId=493940523&answerNo=1&qb=7Iuk7JeF6riJ7Jes,
161,실업급여자격여부,8,N,2026.06.29.,5,고용보험,"검색질문, 통합검색궁금증, 통합검색질문하기",,58년6월24생입니다2023년1월부터고용보험가입했는데실업급여적용되는지요 2023. 01 부터 쭈욱 고용보험 가입되어 있다면 비자발적 퇴사일 경우 당연히 실업급여 적용...,갈거미(kp****),https://kin.naver.com/qna/detail.naver?dirId=6080402&docId=494088345&answerNo=5&qb=7Iuk7JeF6riJ7Jes,실업급여자격여부
162,11개월근무실업급여,10,N,2026.06.30.,5,고용보험,,,11개월계약직 실업급여받을수잇나요? 실제 계약기간이 11개월이고 11개월 계약기간 종료 후 근로관계가 종료되었다면 실업급여 수급 사유에 해당할 것입니다. 감사합니다.,공인노무사 유창훈(yoon****),https://kin.naver.com/qna/detail.naver?dirId=6080402&docId=494103760&answerNo=3&qb=7Iuk7JeF6riJ7Jes,11개월근무실업급여
163,실업급여 수급,7,N,2026.07.01.,5,고용안정,"고용보험, 실업급여",,그런데 전 대표님 남편분이 1인 사업체를 하시는 데 1달 정도 계약직을 도와주실 수 있냐라고 하시는데 이런 경우 1달 후 실업급여를 받을 수 있나요? 가족이라서...,종합도우미(boy8****),https://kin.naver.com/qna/detail.naver?dirId=6080401&docId=494115268&answerNo=1&qb=7Iuk7JeF6riJ7Jes,
164,실업급여질문,6,N,2026.07.01.,5,고용보험,,,2년일했으면 실업급여 달에 얼마 받을수있나요? 최대 185만원 전후로요,,https://kin.naver.com/qna/detail.naver?dirId=6080402&docId=494123310&answerNo=1&qb=7Iuk7JeF6riJ7Jes,실업급여질문
165,실업급여 방문인정일,10,N,2026.07.02.,5,고용보험,,,신분증을 못가져가게 생겼는데 등본때가도 되나요? ㅠㅠ 주민센터 가시어 임시확인서[주민등록증 발급 신청 확인서]라도 발급 받아 가세요...,갈거미(kp****),https://kin.naver.com/qna/detail.naver?dirId=6080402&docId=494135406&answerNo=4&qb=7Iuk7JeF6riJ7Jes,방문인정일
166,사업자 있으면 실업급여 못받나여?,18,N,2026.07.02.,5,고용보험,"실업급여, 사업자실업급여",,"사업자 있으면 실업급여 못받나여? 말이 다달라서 헷갈리네요 사업자가 있는건 괜찮습니다. 다만, 수급중 사업자에서 매출이 발생하면 부정수급자가 됩니다.",,https://kin.naver.com/qna/detail.naver?dirId=6080402&docId=494137276&answerNo=1&qb=7Iuk7JeF6riJ7Jes,"사업자, 있으면, 못받나여"
167,실업급여계산해주세요,10,N,2026.07.03.,5,고용보험,시ㄹ업급여,,"전직장 주5일 5.5시간 1년 일하고 비자발적퇴사 그후 단기계약직 한달 주5일 8시간 일하면 실업급여 얼마받을수있나요 실업급여 = 소정급여일수 150일 X 지급일액 66,048원...",갈거미(kp****),https://kin.naver.com/qna/detail.naver?dirId=6080402&docId=494149907&answerNo=4&qb=7Iuk7JeF6riJ7Jes,실업급여계산해주세요
168,실업급여 수급기간,9,N,2026.07.04.,5,고용보험,,,"24년도 1월~25년도 8월 자발적 퇴사, 26년도 6월 말 자발적 퇴사(26년도 6월 1일이 입사일) 를 하게되면 실업급여 수급기간이 어떻게될까요? 자발적퇴사는 실급조건이...",,https://kin.naver.com/qna/detail.naver?dirId=6080402&docId=494157488&answerNo=2&qb=7Iuk7JeF6riJ7Jes,
169,"산재휴업급여, 실업급여",12,N,2026.07.08.,5,"산업 안전, 재해","실업급여, 산재휴업급여, 산재, 실급, 고용노동부",,실업급여 신청 가능한가요? 안녕하세요. 한국공인노무사회-네이버 지식iN 상담 공인노무사 정시환 입니다. 휴업급여와 실업급여는 중복수급이 불가합니다.,산재전문노무사정시환(cpla****),https://kin.naver.com/qna/detail.naver?dirId=60803&docId=494200518&answerNo=5&qb=7Iuk7JeF6riJ7Jes,산재휴업급여
170,실업급여 가능할까요?,11,N,2026.07.10.,5,국민건강보험,"실업급여, 실업급여조건, 실업급여수급자격",,"실업급여 관련 문의는 근로복지공단www.comwel.or.kr(☏1588-0075)으로 문의 부탁드립니다. 위 답변은 답변 당시의 상황에 따른 것으로 법령 개정, 개인의 구체적인...",,https://kin.naver.com/qna/detail.naver?dirId=6100401&docId=494214306&answerNo=4&qb=7Iuk7JeF6riJ7Jes,가능할까요
171,실업급여관련,6,N,2026.07.09.,5,고용보험,,,오늘고용센터방문해서 23일날와서 1차실업인정교육들으라는데 제가 얼마받는지를 못들엇는데 1차에가면 알려주는건가요 실업급여 수급대상 확정 되었기 때문에 수급기간...,신천옹(cjro****),https://kin.naver.com/qna/detail.naver?dirId=6080402&docId=494226436&answerNo=1&qb=7Iuk7JeF6riJ7Jes,실업급여관련
172,실업급여 중 알바,9,N,2026.07.14.,5,고용보험,"실업급여, 아르바이트",,실업급여를 받는 중에 주14시간 아르바이트를 하려하는데 어떻게 해야지 일하는 날 제외하고 실업급여를 계속 지급 받을 수 있을까요 안녕하세요. 한국공인노무사회-네이버...,민승기노무사(mm****),https://kin.naver.com/qna/detail.naver?dirId=6080402&docId=494306483&answerNo=4&qb=7Iuk7JeF6riJ7Jes,
173,실업급여조건,6,N,2026.07.15.,5,"고용, 고용복지",,,현직장에서 4개월 근무를 다니고있고 전직장에서 13개월 다녔습니다 실업급여를 받으려하는데 계약만료로 하면 받을수 있나요? 넵.!! 질문 내용대로라면 실업급여 신청 및...,갈거미(kp****),https://kin.naver.com/qna/detail.naver?dirId=60804&docId=494319570&answerNo=2&qb=7Iuk7JeF6riJ7Jes,
174,취업한지 2달 실업급여,12,N,2026.07.20.,5,고용보험,,,안녕하세요 마트에 취업을한지 2달이 되었는데 마트가 폐점한다고합니다 여태 실업급여 한번도 안받았는데 실업급여 신청이 가능할까요? 안타깝 젊어 고생하세요 공장3d쪽...,지게차실무(kimj****),https://kin.naver.com/qna/detail.naver?dirId=6080402&docId=494330457&answerNo=5&qb=7Iuk7JeF6riJ7Jes,"취업한지, 2달"
175,실업급여 4차 질문드립니다,14,N,2026.07.16.,5,고용보험,,,"고용24를통해 구직활동 3건을 지원한상태인데 따로 프린터해서 센터방문해야하나요? 고용24를 통해 구직활동 3건을 정상적으로 지원했다면, 일반적으로는 별도로 출력해서...",청소년근로권익센터(yout****),https://kin.naver.com/qna/detail.naver?dirId=6080402&docId=494331714&answerNo=4&qb=7Iuk7JeF6riJ7Jes,"4차, 질문드립니다"
176,실업급여 질문,7,N,2026.07.18.,5,고용보험,,,4차 끝났거 잔여일수가 88일납았습니다 28일씩 차감되길래 계산해보니까 6차까지 받으면 32일이 남더라구요 실업급여 끝나는 날이 10월 12일인데 그럼 나머지 32일분은...,,https://kin.naver.com/qna/detail.naver?dirId=6080402&docId=494343053&answerNo=5&qb=7Iuk7JeF6riJ7Jes,
177,실업급여조건,6,N,2026.07.18.,5,고용보험,,,비자발적퇴사후 실업급여신청조건충족되지만 신청안하고 2개월뒤 다른곳취업후 5개월뒤에자발적퇴사한경우 비자발적 퇴사건에대한 실업급여 신청가능한가요? 안녕하세요...,,https://kin.naver.com/qna/detail.naver?dirId=6080402&docId=494351471&answerNo=2&qb=7Iuk7JeF6riJ7Jes,
178,실업급여 기준,7,N,2026.07.18.,5,고용보험,,,5개월 일하다가 9말이 계약종료인데 8월에 그만두고 싶은데 그럼 나중에 다른 곳에서 계악종료로 끝나도 실업급여는 못 받나요? 나중에 다른 곳에서 4대보험 모두 가입으로...,갈거미(kp****),https://kin.naver.com/qna/detail.naver?dirId=6080402&docId=494356105&answerNo=5&qb=7Iuk7JeF6riJ7Jes,
179,실업급여 계산,7,N,2026.07.19.,5,고용보험,,,26년1월5일 입사 26년7월31일 퇴사면 180일이 채워지나요? 주5일 근무인 경우 피보험 단위기간이 180일에 도달되는 시점은 만30주가 소요됨에 7개월 가량 이상...,갈거미(kp****),https://kin.naver.com/qna/detail.naver?dirId=6080402&docId=494361532&answerNo=3&qb=7Iuk7JeF6riJ7Jes,
180,이전 실업급여 지급일수 제외 여부,18,N,2026.08.25.,5,고용보험,실업급여,,"제가 16년도랑 21년도에 각각 폐업, 계약만료로 실업급여를 받았었고, 이번년도에는 회사인원감축으로 실업급여를 신청하게 되었는대요 이전에 실업급여를 받은 적이 있으면...",원빈의 아정당이사(dkwj****),https://kin.naver.com/qna/detail.naver?dirId=6080402&docId=494374344&answerNo=5&qb=7Iuk7JeF6riJ7Jes,"이전, 지급일수, 제외"
181,실업급여 1차 집체교육,12,N,2026.07.21.,5,고용보험,,,안녕하세요 실업급여 7월 3일 금요일에 신청했는데 1차 집체교육을 보통 2주뒤로 정해준다고 들었어요. 근데 2주뒤가 7월 17일 제헌절 공휴일이라 3주뒤인 7월 24일...,갈거미(kp****),https://kin.naver.com/qna/detail.naver?dirId=6080402&docId=494388883&answerNo=5&qb=7Iuk7JeF6riJ7Jes,"1차, 집체교육"
182,실업급여 4차,7,N,2026.07.21.,5,고용보험,,,실업급여 장애인으로등록되어있는데 혹시 장애인도 4차때 취업 활동2개인가요? 전에봤을땐 1개로 봤던것같은데 수급만료일까지 매 회차 재취업활동 회수는 1건으로 예전이나...,갈거미(kp****),https://kin.naver.com/qna/detail.naver?dirId=6080402&docId=494396775&answerNo=4&qb=7Iuk7JeF6riJ7Jes,4차
183,실업급여 수급중 취업,11,N,2026.07.22.,5,고용보험,"실업급여, 실업급여인정일",,다음주에 첫 출근이 되었는데 현재 실업급여 인정일과 출근일이 겹쳐버렸어요 이럴때는 어떻게 해야하나요? 출근전에 미리 고용센터에 연락하여 알려야하나요 넵 고용센터에...,,https://kin.naver.com/qna/detail.naver?dirId=6080402&docId=494410906&answerNo=1&qb=7Iuk7JeF6riJ7Jes,수급중
184,실업 급여 계산,8,N,2026.07.22.,5,고용보험,,,실업 급여 계산을 하려고 합니다 주20시간 근무자 인데 2025년 12월 부터 2026년 8월 말까지 근무를 하면 실업급여는 계산은 어떻게 될까요? 5년 정도 전에는 주20시간...,갈거미(kp****),https://kin.naver.com/qna/detail.naver?dirId=6080402&docId=494416673&answerNo=2&qb=7Iuk7JeF6riJ7Jes,
185,실업급여 수급 기간,10,N,2026.08.17.,5,고용보험,,,2025년 7월 18일 ~ 2026년 1월 31일 계약 만료 2026년 2월 9일~2026년 7월 31일 계약 만료 예정 재계약 연장이 되지 않아 퇴사 예정인데요 이 경우 실업급여 수급...,,https://kin.naver.com/qna/detail.naver?dirId=6080402&docId=494424590&answerNo=5&qb=7Iuk7JeF6riJ7Jes,
186,실업급여ㅡ,5,N,2026.07.24.,5,고용보험,,,이전직장에서 3년일하다 퇴직후 1년7개월간 쉬다가 사대보험드가는곳에서 드가서 실업급여를 받게됨. 이전직장 3년것도 포함되나요 근무개월 넵.!! 피보험기간에 포함되어...,갈거미(kp****),https://kin.naver.com/qna/detail.naver?dirId=6080402&docId=494445932&answerNo=5&qb=7Iuk7JeF6riJ7Jes,
187,실업급여 종합소득세 신고,13,N,2026.07.25.,5,소득세,,,실업급여 종합소득세 신고 할때 근로소득에 포함 되는 건가요? 종소세 신고할때 신용카드 1년간 쓴 금액은 어디에다 적어야되나요? 실업급여 는 종합소득세 대상이 아닙니다,,https://kin.naver.com/qna/detail.naver?dirId=40301&docId=494459140&answerNo=1&qb=7Iuk7JeF6riJ7Jes,종합소득세
188,실업급여 취업,7,N,2026.07.26.,5,고용보험,"실업급여, 실업급여취업, 실업급여조건",,실업급여 마지막회차 남았는데 직전회차 구직활동때 취업해서 일한지 일주일됐습니다. 근데 일해보니 직무가 안맞는것같아 그만두려고 하는데 이런경우에 일한기간 제외한...,갈거미(kp****),https://kin.naver.com/qna/detail.naver?dirId=6080402&docId=494461045&answerNo=3&qb=7Iuk7JeF6riJ7Jes,
189,실업급여 쿠팡알바,9,N,2026.08.31.,5,고용보험,"실업급여, 일용알바",,"청년내일저축계좌로 인해 한달에 10만원이상의 소득은 찍혀야하는 상황이며, 실업급여 수급을 받게되어서 실업급여 수급기간동안 8-12월까지 쿠팡 일일알바(일용)을 한달에...",,https://kin.naver.com/qna/detail.naver?dirId=6080402&docId=494481620&answerNo=5&qb=7Iuk7JeF6riJ7Jes,
190,인천서해구 실업급여신청장소,14,N,2026.07.28.,5,고용보험,"검색질문, 통합검색궁금증, 통합검색질문하기",,"서해구 실업급여신청장소 ◆인천 서부고용복지 + 센터 . 위치 : 인천광역시 서구 이음1로 389, 에이플러스빌딩 4~8층 . 관할지역 : 서해구. 검단구. 강화군 . 연락처...",갈거미(kp****),https://kin.naver.com/qna/detail.naver?dirId=6080402&docId=494485706&answerNo=4&qb=7Iuk7JeF6riJ7Jes,"인천서해구, 실업급여신청장소"
191,실업급여 필요한 서류,11,N,2026.07.28.,5,고용보험,"실업급여, 서류준비",,안녕하세요 실업급여 신청을 할려고 하는데 자세히 알려주실 분 구합니다.. 제가 A직장에서 2022/03/16~2026/06/10(주 5일) 근무 하였고 B 직장에서 2026/06/20~2026/07/27(주 5일)...,갈거미(kp****),https://kin.naver.com/qna/detail.naver?dirId=6080402&docId=494490564&answerNo=3&qb=7Iuk7JeF6riJ7Jes,
192,실업급여 중 단기알바 주에 15시간 넘기면 어,25,Y,2026.07.28.,5,고용보험,,,"실업급여 받을때 주 15시간 넘으면 안되는 거로 아는데 제가 단기로 3일간 7시간씩 일하기로 했습니다 딱 3일만 하는 거고 계약서도 하루 단위로 총 3번 작성하였는데, 그럼...",갈거미(kp****),https://kin.naver.com/qna/detail.naver?dirId=6080402&docId=494499371&answerNo=4&qb=7Iuk7JeF6riJ7Jes,"주에, 15시간, 넘기면"
193,자발적 퇴사후 휴식후 실업급여,16,N,2026.08.20.,5,고용보험,,,개인사정으로 10년다니던 직장 퇴사후 몆개월까지 쉬다가 단기알바나 계약직 근무후 계약만료로 퇴사가 되었을때 전직장꺼포함으로 실업급여가 인정이 될수있을까요?...,,https://kin.naver.com/qna/detail.naver?dirId=6080402&docId=494501865&answerNo=5&qb=7Iuk7JeF6riJ7Jes,"퇴사후, 휴식후"
194,실업급여 피보험 기간,11,N,2026.08.17.,5,고용보험,,,"180일 충족이 됐다는 의미로 봐도 무방할까요? 실업급여에 대한 설명과, 최근 자진퇴사 실업급여 제도에 대한 설명입니다. https://blog.naver.com/villainy_/224381213475",,https://kin.naver.com/qna/detail.naver?dirId=6080402&docId=494502107&answerNo=5&qb=7Iuk7JeF6riJ7Jes,
195,실업급여관련된거,8,N,2026.07.29.,5,고용보험,,,메뉴에서 실업인정 신청을 선택하신 뒤 양식대로 쭈욱 체크하면서 내려오시다... 인정일 당일 실업인정 신청할때 상기 내용 다시 한 번 점검 후 문제없다면 전송창 버튼...,갈거미(kp****),https://kin.naver.com/qna/detail.naver?dirId=6080402&docId=494505324&answerNo=3&qb=7Iuk7JeF6riJ7Jes,실업급여관련된거
196,실업급여 180일 충족?,13,N,2026.07.30.,5,고용보험,,,8월 31일로 계약종료(비자발적퇴사)인데 실업급여 180일이 충족한가요? 02. 04 ~ 08. 31까지의 주5일 근무형태로 7개월 미만 남짓 근속기간 중의 피보험 단위기간은 <<3일...,갈거미(kp****),https://kin.naver.com/qna/detail.naver?dirId=6080402&docId=494519380&answerNo=2&qb=7Iuk7JeF6riJ7Jes,"180일, 충족"
197,실업급여 계산 질문있습니다 ㅠㅠ,17,N,2026.08.20.,5,고용보험,실업급여,,"월급여 2,300,000원 7.31-8.30부터 휴게시간 제외 5.5시간 5~6일 계약직으로 일 합니다. 5일 기준 주휴수당 포함 1,438,500원 정도 될 것 같아요! 이럴 경우에는 6시간을...",,https://kin.naver.com/qna/detail.naver?dirId=6080402&docId=494523090&answerNo=5&qb=7Iuk7JeF6riJ7Jes,질문있습니다
198,실업급여 받을 수 있나요?,14,N,2026.07.31.,5,고용보험,,,고용보험 상실 통지서는 오늘왔고 고용24 홈페이지가니까 아직 이직확인서는 없구요 저 코드로 실업급여 받을 수 있나요? 180일 이상 충족되구요 회사 필요에 퇴사한...,갈거미(kp****),https://kin.naver.com/qna/detail.naver?dirId=6080402&docId=494538665&answerNo=5&qb=7Iuk7JeF6riJ7Jes,받을
199,실업급여 날짜 계산,10,N,2026.08.01.,5,고용보험,,,"고용보험 180일이라는데 이게 일한 날인가요?? 돈 받은 날로 계산하면 대나요?? (주휴수당 받는 날 포함) 넵.!! 근무한 날, 근무하지 않아도 돈을 받은 날 모두가 피보험...",갈거미(kp****),https://kin.naver.com/qna/detail.naver?dirId=6080402&docId=494549988&answerNo=3&qb=7Iuk7JeF6riJ7Jes,
200,실업급여가능할까요?,10,N,2026.08.02.,5,고용보험,실업급여,,5월말일까지 직장 3년 근무후 단기알바 10일정도 근무후 계약만료로 그만뒀는데 실업급여 신청이 가능 할까요? 전직장 자진퇴사후에 실업급여 받는 방법은 만 한달이상...,가물치(h292****),https://kin.naver.com/qna/detail.naver?dirId=6080402&docId=494563230&answerNo=1&qb=7Iuk7JeF6riJ7Jes,실업급여가능할까요
201,실업급여 조건이 궁금해요,13,N,2026.08.17.,5,"고용, 노동",,,실업급여 조건이 이게 맞는건가요?? 1.오늘까지만 하고 나가라 2.퇴사사유(회사권유) 3.근무일 180일 이상 4.이직확인서 이걸로 아는데 1번에 경우 내가 마트에 근무...,,https://kin.naver.com/qna/detail.naver?dirId=608&docId=494566761&answerNo=3&qb=7Iuk7JeF6riJ7Jes,조건이
202,실업급여 수급 중 취업,12,N,2026.08.03.,5,고용보험,,,"취업 축하드려요, 9월 1일 출근 당일이나 이후에 고용보험 사이트나 관할 고용센터에 취업사실을 꼭 신고하셔야 하며 출근 전날인 8월 31일까지의 실업급여를 정산받으신 뒤...",채택정말감사해요(dldj****),https://kin.naver.com/qna/detail.naver?dirId=6080402&docId=494576818&answerNo=1&qb=7Iuk7JeF6riJ7Jes,
203,실업급여 이직확인서기준,12,N,2026.08.30.,5,고용안정,"실업급여, 이직확인서",,회사에 1년4개월 근무후 개인사정으로 일을 그만두게되었고 중식당에서 한달계약직으로 근무후 실업급여 신청을 하러 갔는데 추가서류 안내를 받았어요 자차출근이라...,함께할게뉴스(slow****),https://kin.naver.com/qna/detail.naver?dirId=6080401&docId=494581382&answerNo=5&qb=7Iuk7JeF6riJ7Jes,이직확인서기준
204,일용근로자 실업급여 이직확인서,16,N,2026.08.29.,5,고용보험,,,사장님께서 일용근로자로 근로내용확인신고로 매달15일마다 해주셨는데 이번에 비자발적퇴사하면서 실업급여를 받으려고해서 이직확인서를 요청했는데 써주신다고하셔서...,함께할게뉴스(slow****),https://kin.naver.com/qna/detail.naver?dirId=6080402&docId=494582624&answerNo=5&qb=7Iuk7JeF6riJ7Jes,일용근로자
205,실업급여 조건,7,N,2026.08.05.,5,"고용, 고용복지",,,이경우는 실업급여를 받을 수 있는 조건이 아닐까요? 만약 안되면 1~3개월 계약직 근무 후 계약기간 종료로 퇴사하고 이 때 실업급여 받으려고합니다 고용보험에...,,https://kin.naver.com/qna/detail.naver?dirId=60804&docId=494609234&answerNo=1&qb=7Iuk7JeF6riJ7Jes,
206,어머니가 64세 실업급여신청후 65세가 되셨습,25,Y,2026.08.11.,5,국민건강보험,"실업급여, 고용보험, 65세이상실업급여",,"64세 후반에 실업급여를 신청하시고 현재 생일이 지나셔서 65세가 되셨습니다. 64세와 65세의 구직활동,재취업교육 방식이 다른걸로 알고있는데 어머니는 구직활동말고...",JUN 정보공유(arke****),https://kin.naver.com/qna/detail.naver?dirId=6100401&docId=494639235&answerNo=5&qb=7Iuk7JeF6riJ7Jes,"어머니가, 64세, 실업급여신청후, 65세가, 되셨습"
207,실업급여질문,6,N,2026.08.08.,5,고용보험,,,"그럼에도 정년퇴직후 미신청한 실업수당은 수령할 수 있는지 잘의드립니다 결론부터 말씀드리면, A사에서 자발적으로 퇴사할 경우 실업급여 수급이 어려울 수 있습니다....",슬기마루(heun****),https://kin.naver.com/qna/detail.naver?dirId=6080402&docId=494651111&answerNo=1&qb=7Iuk7JeF6riJ7Jes,실업급여질문
208,실업급여 얼마 나올까요?,13,N,2026.08.10.,5,고용보험,실업급여,,"그런데 실업급여에는 하한액이 있습니다. 2026년 이직자 기준으로 하루 소정근로시간이 6시간인 경우 구직급여 하한액은 49,536원입니다. 따라서 단순 계산한 46...",,https://kin.naver.com/qna/detail.naver?dirId=6080402&docId=494665273&answerNo=4&qb=7Iuk7JeF6riJ7Jes,"얼마, 나올까요"
209,실업급여를 받는 상황에서 공동구매?로 다수,23,Y,2026.08.10.,5,고용보험,실업급여,,일정금액을 받는 것 자체는 노동청에서 알수가 없는 내용입니다. 실업급여 부정수급 조사를 하는 경우 계좌내역을 보는 것이고 질의와 같이 소명하면 큰 문제는 없습니다.,민승기노무사(mm****),https://kin.naver.com/qna/detail.naver?dirId=6080402&docId=494668509&answerNo=5&qb=7Iuk7JeF6riJ7Jes,"상황에서, 공동구매, 다수"
210,실업급여 수급 가능성 질문,14,N,2026.08.10.,5,고용보험,,,결혼과 임신으로 그동안 재취업을 못했고 현재 임신중 8월3일부터 4대보험 가입 가능한 아르바이트를 하고 있습니다 계약기간은 27년 1월 2일까지인데 계약만료시 실업급여...,갈거미(kp****),https://kin.naver.com/qna/detail.naver?dirId=6080402&docId=494677166&answerNo=5&qb=7Iuk7JeF6riJ7Jes,가능성
211,실업급여 신청,7,N,2026.08.10.,5,고용보험,,,자진사퇴를해도 실업급여 받을수 있나요... 출퇴근 왕복4~5시간 소요 고수님들의 조언 부탁드립니다. [[ 회사<사업장> 이전 및 인사발령 등으로 인하여 통근상 이유로 퇴사시...,갈거미(kp****),https://kin.naver.com/qna/detail.naver?dirId=6080402&docId=494677763&answerNo=5&qb=7Iuk7JeF6riJ7Jes,
212,권고사직 실업급여,9,N,2026.08.11.,5,고용보험,,,회사에 일감이 줄어들어 인원감축이 필요해 실업급여해줄테니 퇴사할사람 지원받는다고 하더라구요 근데 짜를인원 보다 신청자가 더많을시 권고사직에서 제외되면...,최창국공인노무사(cc37****),https://kin.naver.com/qna/detail.naver?dirId=6080402&docId=494698378&answerNo=1&qb=7Iuk7JeF6riJ7Jes,권고사직
213,족저근막염 실업급여,10,N,2026.08.12.,5,"고용, 고용복지",,,며칠 전부터 복저근막염이 생겼는데 일을 못하게 되는 상황입니다 실업급업 실업급여 신청 가능할까요? 안녕하세요. 한국공인노무사회-네이버 지식iN 상담 공인노무사 김정식...,김정식 노무사(ckla****),https://kin.naver.com/qna/detail.naver?dirId=60804&docId=494702262&answerNo=3&qb=7Iuk7JeF6riJ7Jes,족저근막염
214,주말알바 실업급여,9,N,2026.08.12.,5,고용보험,실업급여,,31 근무하고 퇴사할 경우 제가 실업급여를 받을 수 있을까요? 알바긴 한데 대기업이라 4대보험 돼있어요 안녕하세요 :) 주말알바 실업급여 질문자님 경우는 두 근무가...,,https://kin.naver.com/qna/detail.naver?dirId=6080402&docId=494706737&answerNo=3&qb=7Iuk7JeF6riJ7Jes,주말알바
215,실업급여 재수급 문의,11,N,2026.08.12.,5,고용보험,"실업급여, 실업급여재수급, 실업급여수급자격, 실업급여신청자격",,"전직장 3월에 퇴사 후 실업급여를 2회차 까지 받고 취업 했습니다. 실업 당시 11월까지 실업급여를 받을 수 있는걸로 확인했고, 조기 취업으로 내년에 조기취업 수당 받을 수...",최창국공인노무사(cc37****),https://kin.naver.com/qna/detail.naver?dirId=6080402&docId=494712556&answerNo=3&qb=7Iuk7JeF6riJ7Jes,
216,실업급여 질문좀. 드릴께요,14,N,2026.08.17.,5,고용보험,,,제가 실업급여 을 받고 있는데 다른사람신분증 으로 당근알바. 1달에 일주일 정도. 할려고. 하는데 신분증 주인도 . 일을. 하는데. 중복이 가능. 할까요?...,,https://kin.naver.com/qna/detail.naver?dirId=6080402&docId=494718544&answerNo=5&qb=7Iuk7JeF6riJ7Jes,"질문좀, 드릴께요"
217,근로계약 만료후 실업급여 충족 하는법,20,N,2026.08.13.,5,고용보험,,,간주되니까 실업급여를 못받는다는걸 알고 있습니다 여기서 12월달에 재계약 말나오면 어떻게 대처를 해야 제가 실업급여를 받을수 있을지 알려주세요. 회사가 귀하에게...,산야로(hans****),https://kin.naver.com/qna/detail.naver?dirId=6080402&docId=494719862&answerNo=1&qb=7Iuk7JeF6riJ7Jes,"근로계약, 만료후, 충족, 하는법"
218,실업급여 구직활동인정,11,N,2026.08.13.,5,고용보험,,,이력서 돌리고 아무데도 면접 연락 없으면... 구직활동 인정되나여 넵.!! 인정됩니다. 면접 연락 없으면 없는대로 지원한 내역으로 실업인정 신청하시기만 하면 되기 때문입니다.,갈거미(kp****),https://kin.naver.com/qna/detail.naver?dirId=6080402&docId=494722622&answerNo=5&qb=7Iuk7JeF6riJ7Jes,구직활동인정
219,실업급여 취업 질문,10,N,2026.08.13.,5,고용보험,,,만약 제가 실업인정일이 8월 13일이고 새로운 직장에서 14일부터 일하게 되는 경우 이번달 실업급여까지는 무사히 받을 수 있나요? 안녕하세요. 한국공인노무사회...,최창국공인노무사(cc37****),https://kin.naver.com/qna/detail.naver?dirId=6080402&docId=494723260&answerNo=3&qb=7Iuk7JeF6riJ7Jes,
220,산재 신청과 실업급여 신청,14,N,2026.08.17.,5,산업재해보상보험,,,실업급여 신청을 하려고 하는데 회사에서 이직처리 후 확인서를 작성해 주지 않아 실업 급여 신청을 못하고 있습니다. 회사 입장을 고려해 산재 신청을 안하려고 했는데...,산재전문노무사정시환(cpla****),https://kin.naver.com/qna/detail.naver?dirId=6100403&docId=494731945&answerNo=5&qb=7Iuk7JeF6riJ7Jes,"산재, 신청과"
221,실업급여.,5,N,2026.08.15.,5,고용보험,실업급여,,7월에 직업심리검사 받았던걸로 이번달 실업인정일에 적용할수 있나요? 해당 회차 인정기간 중 재취업활동을 한 것에 한하여 인정됩니다.,갈거미(kp****),https://kin.naver.com/qna/detail.naver?dirId=6080402&docId=494738965&answerNo=3&qb=7Iuk7JeF6riJ7Jes,
222,계약직 만기 후 실업급여 신청,16,N,2026.08.14.,5,고용보험,,,"현재 새로운 회서에서 8월 한달간 서로 알아가는 형식으로 한달 계약직으로 근로계약서 작성 한 상태인데, 경영악화로 8월말까지 할거같은데 이 조건으로 실업급여...",갈거미(kp****),https://kin.naver.com/qna/detail.naver?dirId=6080402&docId=494740111&answerNo=5&qb=7Iuk7JeF6riJ7Jes,만기
223,실업급여 관련 질문입니다.,14,N,2026.08.16.,5,고용보험,,,대한 일수 대비 실업급여 지급됩니다. 취업 후 근무 중 다가오는 해당 회차 인정일에는 실업자가 아닌 근로자 신분이니 절대 실업인정 신청은 아니된다는 점 필히 참고바랍니다.,갈거미(kp****),https://kin.naver.com/qna/detail.naver?dirId=6080402&docId=494753340&answerNo=4&qb=7Iuk7JeF6riJ7Jes,질문입니다
224,실업급여 신청 후 쿠팡이츠 배민커넥트,20,N,2026.08.16.,5,고용보험,"실업급여, 쿠팡이츠배달파트너, 배민커넥트",,제가 8월3일에 실업급여를 신청했고 8월15일부터 자정넘어서인 16일까지 총 8시간 일해서 11만원정도를 벌었는데요 이런 경우엔 실업급여 받을때 구직급여액 이틀치가...,,https://kin.naver.com/qna/detail.naver?dirId=6080402&docId=494761098&answerNo=5&qb=7Iuk7JeF6riJ7Jes,"쿠팡이츠, 배민커넥트"
225,실업급여신청기간,8,N,2026.08.17.,5,고용보험,,,그럼언제그만두워야실업급에받나요 4대보험[고용보험 포함] 취득일 기준으로 주5일 근무시 만30주[7개월 가량] 이상 근무한 시점에 비자발적 퇴사여야 실업급여 되십니다.,갈거미(kp****),https://kin.naver.com/qna/detail.naver?dirId=6080402&docId=494761137&answerNo=6&qb=7Iuk7JeF6riJ7Jes,
226,실업급여질문,6,N,2026.08.16.,5,고용보험,,,실업급여 3차까지 받았는데 이제 취업하려합니다. 취업한 후에 따로 서류나 인터넷으로 취업한사실 알려야 하나요 ? 아니면 그냥 아무것도 안하면 자동으로 끝나는건가요 ? 취업...,,https://kin.naver.com/qna/detail.naver?dirId=6080402&docId=494764293&answerNo=1&qb=7Iuk7JeF6riJ7Jes,실업급여질문
227,권고사직후 1달후 10일근무후 퇴사한경우 실,24,Y,2026.08.17.,5,고용보험,,,처리되면 실업급여 신청 가능할까요? 고용보험취득취소가 되지 않으면 불가능 할꺼 같기도 하구요 퇴사사유를 근로조건저하로 기재되지 않는 한 불가능하겠죠? 안녕하세요....,,https://kin.naver.com/qna/detail.naver?dirId=6080402&docId=494768374&answerNo=2&qb=7Iuk7JeF6riJ7Jes,"권고사직후, 1달후, 10일근무후, 퇴사한경우"
228,정년퇴직을 5개월 남기고 퇴직시 실업급여,22,N,2026.08.18.,5,고용보험,"검색질문, 통합검색궁금증, 통합검색질문하기",,2026년 12월20일이 만60세가되는데 정년퇴직을 못하고 8월17일 실업급여를 신청했다면 구직활동은 몇번하나요 매 회차 인정기간의 재취업 활동 회수는 1건으로 지정될...,갈거미(kp****),https://kin.naver.com/qna/detail.naver?dirId=6080402&docId=494775390&answerNo=5&qb=7Iuk7JeF6riJ7Jes,"정년퇴직을, 5개월, 남기고, 퇴직시"
229,실업급여 대상자가 맞나요,13,N,2026.08.18.,5,고용보험,,,만으로 65세 65세 이상이면 자발적 퇴사에도 실업급여를 받을수 있나요. 연령에 상관없이 자발적 퇴사면 실업급여 자체가 안되십니다.,갈거미(kp****),https://kin.naver.com/qna/detail.naver?dirId=6080402&docId=494782563&answerNo=4&qb=7Iuk7JeF6riJ7Jes,"대상자가, 맞나요"
230,실업급여 받는 중 주소지 변경,16,N,2026.08.18.,5,"고용, 고용복지",,,주소지 변경을 해야 할 일이 생겨 주소지만 변경을 하고 현재는 원래 머물던 곳에 남아있는데 실업급여 7차 중에 3차까지 받은 상태이고 4차에는 고용센터에 방문해야 하는데...,갈거미(kp****),https://kin.naver.com/qna/detail.naver?dirId=60804&docId=494784695&answerNo=4&qb=7Iuk7JeF6riJ7Jes,주소지
231,실업급여 관련,7,N,2026.08.19.,5,고용보험,,,사장님이 실업급여 될수도있다고하셨는데 질문이요. 1. 쓰니는 26.2 ~26.8.30. 까지 근무해요.(연속근무일 200일쯤) 2. 전 직장은 2년6개월을 근무했어요. 그러면 쓰니는...,갈거미(kp****),https://kin.naver.com/qna/detail.naver?dirId=6080402&docId=494796190&answerNo=5&qb=7Iuk7JeF6riJ7Jes,
232,실업급여가인정되는지 궁금해서요,16,N,2026.08.19.,5,고용보험,실업급여,,이상황에서도 실업급여 인정될까요 안녕하세요. 한국공인노무사회-네이버 지식iN 상담 공인노무사 민승기 입니다. 실업급여는 마지막 사업장 이직사유로 수급 여부를...,민승기노무사(mm****),https://kin.naver.com/qna/detail.naver?dirId=6080402&docId=494801170&answerNo=2&qb=7Iuk7JeF6riJ7Jes,"실업급여가인정되는지, 궁금해서요"
233,실업급여 에 대해 알고싶습니다,16,N,2026.08.19.,5,고용보험,,,고용보험 넣으면 3.3프로 뗐던일 합산해서 실업급여를 받을수 있다고 하는데 어찌 받을수있나요? 3.3프로는 구청에서 모집하는 일을 단기간 했습니다.. 어떤분은 그일 한걸...,,https://kin.naver.com/qna/detail.naver?dirId=6080402&docId=494803800&answerNo=1&qb=7Iuk7JeF6riJ7Jes,알고싶습니다
234,실업급여 온라인 취업특강 step 질문있습니다,25,N,2026.08.20.,5,고용보험,,,2023년에 2월경 실업급여를 받은적이있습니다 그리고 지금 계약직이 종료가되아2번째로 실업급여를받는 상황인데요 2차신청인데 제가 2023년에 2.3차로 온라인취업특강으로...,노마드라이프(alte****),https://kin.naver.com/qna/detail.naver?dirId=6080402&docId=494811960&answerNo=1&qb=7Iuk7JeF6riJ7Jes,"step, 질문있습니다"
235,실업급여 vs 취업,10,N,2026.08.20.,5,사람과 그룹,,,권고사직으로 퇴사를 하게 되어서 실업급여를 받을수 있는데 어쩌다 면접본 회사에서 출근가능한지 연락이 왔습니다. 바로 회사 다닐까요 아님 실업급여 받고 좀 쉬다가...,바다풀잎(all6****),https://kin.naver.com/qna/detail.naver?dirId=61303&docId=494812500&answerNo=2&qb=7Iuk7JeF6riJ7Jes,vs
236,계약직 실업급여 신청 문의,14,N,2026.08.20.,5,고용보험,"실업급여, 실업급여수급자격, 계약직실업급여신청",,위 부분에서 실업급여 신청 조건이 가능하다고 하는데 제가 사정이 생겨서 지인매장에서 26년 5~6월만 한달 안되는 기간에만 고용보험만 들고 근무를 했고...,최창국공인노무사(cc37****),https://kin.naver.com/qna/detail.naver?dirId=6080402&docId=494813806&answerNo=2&qb=7Iuk7JeF6riJ7Jes,
237,실업급여 질문,7,N,2026.08.20.,5,고용보험,실업급여,,전직장에서 180일이상 일하고 자발적 퇴사후 8월 3일~31일 계약직 근무하고있는데 29일 일수 더라구요 그럼 실업급여 못받나요? 꼭 1개월 인 30일 이상이여야하나요? 자발적...,바다풀잎(all6****),https://kin.naver.com/qna/detail.naver?dirId=6080402&docId=494813826&answerNo=3&qb=7Iuk7JeF6riJ7Jes,
238,실업급여 부정수급신고,11,N,2026.08.23.,5,고용보험,,,지인이 24년 실업급여를 받으면서 사업주와 공모하여 실업기간 내내 통장으로 월급을 받은 거 같은 거 같은데 2년이 지난 지금도 신고해도 처벌을 받나요? 처벌을 받게된다면...,이관수노무사(iwil****),https://kin.naver.com/qna/detail.naver?dirId=6080402&docId=494816703&answerNo=4&qb=7Iuk7JeF6riJ7Jes,
239,실업급여 관려,7,N,2026.08.22.,5,고용보험,,,8월 말 계약 기간 만료로 직장에서 실업급여 서류 준비해준다 했습니다. 다만 제가 몇개월 정도 다른 일이나 알바를 하다가 실업급여를 신고하고 싶은데 꼭 바로 실업급여를...,수원실버(wsch****),https://kin.naver.com/qna/detail.naver?dirId=6080402&docId=494846310&answerNo=1&qb=7Iuk7JeF6riJ7Jes,관려
240,실업급여 처리 중,9,N,2026.08.23.,5,고용보험,,,밑에는 처리 중이라 뜨는데 위에는 1차 집체 교육 이렇게 네모낳게 떠요 뜨면 대상자라는 거겟죠.. 대상자임니다,요미(dksm****),https://kin.naver.com/qna/detail.naver?dirId=6080402&docId=494851484&answerNo=1&qb=7Iuk7JeF6riJ7Jes,처리
241,실업급여와 알바에 관해,12,N,2026.08.24.,5,고용안정,,,쿠팡 일용직 고용보험을 취득해도 회사 실업급여 신청에 영향이 없을까요?? 2. 일용직 주 15시간 미만 조건은 월 근무시간 총합을 평균낸 것인지 궁금합니다. (이틀 연속...,렌트못한병아리(jds0****),https://kin.naver.com/qna/detail.naver?dirId=6080401&docId=494862815&answerNo=2&qb=7Iuk7JeF6riJ7Jes,"실업급여와, 알바에, 관해"
242,실업급여 수급 중 포인트 전환,16,N,2026.08.25.,5,고용보험,,,안녕하세요 지금 실업급여 수급 중인데 틱톡라이트 출석체크 광고보기로 5000원을 모아서 현금화했습니다 혹시 이거 근로소득발생신고해야할까요? 안녕하세요. 이런 소액...,,https://kin.naver.com/qna/detail.naver?dirId=6080402&docId=494880498&answerNo=2&qb=7Iuk7JeF6riJ7Jes,"포인트, 전환"
243,계약만료 실업급여,9,N,2026.08.27.,5,"고용, 고용복지",,딱 1년 계약해서 26.09.30 이 계약만료일인데 10월달에 일용근로 15일~ 한달정도 하고난뒤 실업급여 신청예정입니다 계약만료된 뒤 일용근로를 하면 실업급여를 못받을 수도 있나요?,계약만료 후 일용근로를 했다고 해서 무조건 실업급여를 못 받는 것은 아닙니다. 다만 질문자님처럼 계약만료 뒤에 15일~1개월 정도 일용근로를 하면 판단 기준이 조금 복잡해질 수 있습니다. 핵심은 실업급여가 원칙적으로 마지막 이직한 사업장의 퇴사 사유를 기준으로 판단된다는 점입니다. 9/30 계약만료 후 바로 신청한다면 기존 회사의 계약만료가 중요한 퇴사 사유가 됩니다. 하지....,와우,https://kin.naver.com/qna/detail.naver?answerNo=3&dirId=60804&docId=494884124&kinsrch_src=pc_tab_kin&qb=7Iuk7JeF6riJ7Jes,계약만료
244,실업급여받는중 일용직질문,13,N,2026.08.25.,5,고용안정,,,수급중에 28일동안 당일지급일용직알바를 1주일에4일 그담주 3일 총7일알바 하루8시간 일했는데취업으로보나요? 네 맞습니다. 채택 부탁드립니다.,,https://kin.naver.com/qna/detail.naver?dirId=6080401&docId=494886908&answerNo=1&qb=7Iuk7JeF6riJ7Jes,"실업급여받는중, 일용직질문"
245,실업급여 문의,7,N,2026.08.26.,5,고용보험,,,"이번달 8월 계약 종료로 실업급여 신청 예정입니다 허나, 12월 까지 종교기타소득으로 12월 까지 약 90만원 가량이 입금 되는데 실업급여 신청에 무리가 있을까요? 안녕하세요....",호경 원영재변호사(la****),https://kin.naver.com/qna/detail.naver?dirId=6080402&docId=494900121&answerNo=2&qb=7Iuk7JeF6riJ7Jes,
246,실업급여신청 가능할까요?,13,N,2026.08.26.,5,고용보험,"실업급여, 연차수당",,작년12월부터 근무시작했고 매달 주5일 월1회 연차로 유급휴무가졌습니다 오늘 권고사직권유받았는데 실업급여받으려면 180일은 근무해야 한다고 하던데 지금 그만둬도...,,https://kin.naver.com/qna/detail.naver?dirId=6080402&docId=494903814&answerNo=1&qb=7Iuk7JeF6riJ7Jes,가능할까요
247,실업급여 받는중 단기알바 취업 후 계약만료,23,N,2026.08.27.,5,고용보험,,안녕하세요 현재 실업급여를 총 7개월분 중 1개월 분만 받은 상태입니다. 9월 1일부터 3개월 단기알바 (4대보험 포함) 를 할 수도 있을것 같은데 3개월 알바 계약 만료 후 다시 재실업신청을 하게 되면 남은 6개월분을 이어서 받을 수 있는지 아니면 일한 기간은 실업급여 받는 분에서 차감이 되는지 궁금합니다.,"안녕하세요^^ 실업급여를 받다가 3개월 단기알바로 취업하더라도 남아 있던 실업급여가 바로 없어지는 것은 아닙니다. 3개월 근무 후 계약이 종료되어 다시 실업 상태가 됐을 때, 기존 실업급여의 수급기간이 남아 있고 소정급여일수도 남아 있다면 재실업신고 후 남은 급여를 다시 받을 수 있습니다. 다만 중요한 점은 3개월 일한 만큼 실업급여 수급기간이 뒤로 연장되는 것은 아니라는 ....",sere****,https://kin.naver.com/qna/detail.naver?answerNo=5&dirId=6080402&docId=494904085&kinsrch_src=pc_tab_kin&qb=7Iuk7JeF6riJ7Jes,"받는중, 계약만료"
248,알바 해고 통보 후 실업급여 문의,18,N,2026.08.27.,5,고용보험,"실업급여, 이직확인서, 급여축소신고, 고용보험소급, 피보험자격확인청구, 근로계약서미작성, 실업급여과태료, 평균임금정정, 야간알바실업급여, 실업급여부정수급",,문제는 실업급여를 받으려고 알아보니까 4개월 받을 수 있고 지금 매장에서 받은 급여를 얼마나 받았냐에 따라서 결정 되더라구요 근데 저희 점장님 님이 급여를 낮춰서 신고...,실전 지식 연구소(smor****),https://kin.naver.com/qna/detail.naver?dirId=6080402&docId=494909395&answerNo=2&qb=7Iuk7JeF6riJ7Jes,"해고, 통보"
249,실업급여요,5,N,2026.08.27.,5,고용보험,,,제가 2025년도에 실업급여을받았는데요 다시취업을해서일을다니는데... 마지막 직장에서 다시 출근을 해달라고해서 출근을하는데요..여기서 일하다가 몇년이지나도...,노마드라이프(alte****),https://kin.naver.com/qna/detail.naver?dirId=6080402&docId=494912101&answerNo=3&qb=7Iuk7JeF6riJ7Jes,실업급여요
250,급해요!!!실업급여,10,N,2026.08.27.,5,고용보험,,,이직확인서가 확인안되도 일단 고용센터 가도될까요??일단 사장님은 일단 고용센터에 먼저 방문하라는데.. 일단 고용센터 가서 신청하시고 준비되지 않은 서류에 대한 안내...,,https://kin.naver.com/qna/detail.naver?dirId=6080402&docId=494916965&answerNo=3&qb=7Iuk7JeF6riJ7Jes,
251,실업급여 수령 가능한지요?,14,N,2026.08.27.,5,고용보험,,,정년 퇴직후 3개월 실업급여를 받다가 재취업을 하고 11개월 근무를 하다 회사사정으로 퇴직을 하게 되었습니다. 이 경우 실업급여를 다시 수령할 수 있는지요? 180일이상...,,https://kin.naver.com/qna/detail.naver?dirId=6080402&docId=494918608&answerNo=5&qb=7Iuk7JeF6riJ7Jes,"수령, 가능한지요"
252,실업 급여 몇개월 받을수 잇을까요?,19,N,2026.08.27.,5,고용보험,,,"음식점 에서 5년이상 6년 미만 다니던중 업주측 상황에 일을 쉬게되엇어요 , 좋은 답변 부탁 드려요 실업급여 지급 기간은 고용보험 가입 기간으로 결정됩니다. 질문자님은...",빛과소금(inte****),https://kin.naver.com/qna/detail.naver?dirId=6080402&docId=494921324&answerNo=1&qb=7Iuk7JeF6riJ7Jes,"받을수, 잇을까요"
253,실업급여 이직확인서 요청,13,N,2026.08.28.,5,"고용, 고용복지","이직확인서, 실업급여",,퇴사하고 지금 2주넘게 지났는데 아직 처리 안되어있어 회사에 이직확인서 발급 가능한지 두차례정도 물어봤는데 두번다 익월15일에 퇴사자들 모아서 처리한다는...,청소년근로권익센터(yout****),https://kin.naver.com/qna/detail.naver?dirId=60804&docId=494921795&answerNo=4&qb=7Iuk7JeF6riJ7Jes,요청
254,실업급여 탈 수 있나요?,13,N,2026.08.28.,5,고용보험,,,그래서 실업급여를 신청하려하는데 이직확인서는 무조건 필요한거잖아요 회사에서 써줘야하는거죠? 그리고 혹시 만약 회사에서 질병으로 인한 자발적 퇴사로 써서...,신천옹(cjro****),https://kin.naver.com/qna/detail.naver?dirId=6080402&docId=494928799&answerNo=1&qb=7Iuk7JeF6riJ7Jes,
255,계약기간 만료로 인한 실업급여,16,N,2026.08.28.,5,고용안정,"실업급여, 계약종료실업급여",,후 실업급여 인정가능 여부와 실업급여가 가능하다면 필요서류 및 과정 문의드립니다 계약기간 만료는 비자발적 이직으로 분류되기 때문에 실업급여 사유 자체는...,퇴근후라이프(gdor****),https://kin.naver.com/qna/detail.naver?dirId=6080401&docId=494935020&answerNo=3&qb=7Iuk7JeF6riJ7Jes,"계약기간, 만료로, 인한"
256,실업 급여 대상이 될까요?,14,N,2026.08.28.,5,고용보험,,,2019년1월~2025년1월까지 근무(자발적퇴사) 1년휴직 2026년에 2개월 단기알바(계약기간만료) 이런경우 실업급여 대상이 될까요? 법꾸라지들이 많이 이용하는 방법입니다.,,https://kin.naver.com/qna/detail.naver?dirId=6080402&docId=494935347&answerNo=4&qb=7Iuk7JeF6riJ7Jes,대상이
257,실업급여 취업 관련,10,N,2026.08.28.,5,고용보험,,실업급여 12월까지 받을수 있습니다. 현재 9월 입사 ~ 12월까지 계약직 하기로 되어있는데 근무후 퇴사 했을시에 실업급여 재신청 9월부터~12월까지 못받았던 실업급여를 12월 계약직 근무 후 다시 신청 할수 있나여? 계약직으로 들어가기로 한 회사에서도 월200 정도의 수준이지만 못받았던 실업급여 연결 된다면 기간 연장의 의미를 부여 하려고 합니다.,"안녕하세요. 소상공인 정책자금 지원을 돕는 전문 컨설팅 업체 '벤처경영연구소 바름'입니다. ""질문에 대한 답변 드리겠습니다“ A : 취업을 하시면 그동안 받던 실업급여는 일단 멈추게 됩니다. 계약직이 끝난 뒤에 남은 실업급여를 이어서 받으려면 '처음 실업급여를 신청한 날로부터 1년 안'이어야 합니다. 1년의 기간이 지나버리면 남아 있는 날짜가 있어도 돈을 받을 수 없습니다. 취....",벤처경영연구소 바름,https://kin.naver.com/qna/detail.naver?answerNo=2&dirId=6080402&docId=494936426&kinsrch_src=pc_tab_kin&qb=7Iuk7JeF6riJ7Jes,
258,계약직+일용직 실업급여 질문좀드립니다,20,N,2026.09.01.,5,고용안정,,,계약직으로 4년근무했고 6월30일까지 일하고 자진퇴사했습니다 9월부터 일용직 천천히90일채울생각입니다 근데 일용직이 계속출근한다는보장이없는데...,,https://kin.naver.com/qna/detail.naver?dirId=6080401&docId=494945632&answerNo=5&qb=7Iuk7JeF6riJ7Jes,질문좀드립니다
259,육아휴직후 퇴사 실업급여,13,N,2026.08.30.,5,고용보험,,,"출산휴가3개월, 육아휴직12개월후, 권고사직으로 퇴사한경우에 실업급여 대상인가요? 18개월이내 피보험 180일되야한다는데 육아휴직동안 고용보험 정지시켰는데도...",미소지기(dsla****),https://kin.naver.com/qna/detail.naver?dirId=6080402&docId=494946900&answerNo=3&qb=7Iuk7JeF6riJ7Jes,육아휴직후
260,실업급여 질문이욤,9,N,2026.08.30.,5,고용보험,"실업급여, 실업급여조건, 실업급여수급자격, 실업, 실업급여금액, 고용, 노동, 퇴직금, 계약만료, 이직확인서",,계약만료시 A회사까지 실업급여 조건으로 넣을 수 있나요? 혹시 9개월까지 근무하고 계약만료 한다치면 그래도 A회사까지 포함해서 넣을 수 있나요? 제가 이런 경우는 잘...,구미행정사(mu****),https://kin.naver.com/qna/detail.naver?dirId=6080402&docId=494951674&answerNo=2&qb=7Iuk7JeF6riJ7Jes,질문이욤
261,실업급여 질문,7,N,2026.08.30.,5,고용보험,,,하시면 실업급여 신청하실 수 없 으며 사업주분 재계약없는 계약기간종료 권고사직 정리해고 회사페업 사유로 비자발적으로 퇴사해야 실업급여 신청하실 수 있습니다...,,https://kin.naver.com/qna/detail.naver?dirId=6080402&docId=494954266&answerNo=2&qb=7Iuk7JeF6riJ7Jes,
262,실업급여 받을수 있나요?,13,N,2026.08.30.,5,고용보험,,,말씀드리면 실업급여 조건으로 인정될수도 있나요? 증거는 없습니다.. 증인들은 있고요..ㅠ 증인중 한명은 같이 일하는 제 친언니인데 이런부분일때 가족도 증인으로...,신천옹(cjro****),https://kin.naver.com/qna/detail.naver?dirId=6080402&docId=494955269&answerNo=1&qb=7Iuk7JeF6riJ7Jes,받을수
263,실업급여 대상 여부,10,N,2026.08.30.,5,고용보험,,,저 같은 경우에도 실업급여 대상자인가요..?? 만약에 제가 퇴사하는 시점에 자리가 생겨서 회사에서 제안하고 거절하면 못받는건지도 궁금합니다.(육아휴직자는...,,https://kin.naver.com/qna/detail.naver?dirId=6080402&docId=494956089&answerNo=4&qb=7Iuk7JeF6riJ7Jes,
264,상실신고 실업 급여 관련,13,N,2026.08.30.,5,고용보험,,,퇴사 후 실업급여 신청하시려는데 처리가 늦어져서 걱정이 많으시겠어요. 당장 수입이 없으신 상황이라 마음이 더 조급하실 것 같습니다. 회사가 상실 신고를 계속 미룬다면...,,https://kin.naver.com/qna/detail.naver?dirId=6080402&docId=494958970&answerNo=3&qb=7Iuk7JeF6riJ7Jes,상실신고
265,"자영업자 고용보험 임신으로 인한 폐업, 실업",24,Y,2026.08.30.,5,고용보험,,,"현재 임신으로 폐업을 생각중인데, 임신으로 폐업을해도 실업급여를 받을 수 있을까요?? 임신한상태로 몸이 안좋아야 받을 수 있는걸까요?? 관련 필요서류같은것들 알려주시면...",,https://kin.naver.com/qna/detail.naver?dirId=6080402&docId=494960489&answerNo=1&qb=7Iuk7JeF6riJ7Jes,"자영업자, 임신으로, 인한"
266,실업급여 조건,7,N,2026.08.30.,5,고용보험,,,실업급여에 임금체불 조건이 있는데 이게 오버타임 수당도 포함인지 아니면 월급만 포함인건지 궁굼합니다 월급은 늘 들어오면 오버타임은 2달씩 미뤄서 들어오는때가 많아서...,,https://kin.naver.com/qna/detail.naver?dirId=6080402&docId=494961339&answerNo=1&qb=7Iuk7JeF6riJ7Jes,
267,실업급여 신청,7,N,2026.08.31.,5,고용보험,,,"안녕하세요 실업급여 신청하고싶은데.. 일단 작년 9월말까지 근무를 했고, 이직권고를 받아서 그만두게 되었습니다 당시 실업급여 신청을 부탁하였으나 회사에서 못해준다...",,https://kin.naver.com/qna/detail.naver?dirId=6080402&docId=494963402&answerNo=2&qb=7Iuk7JeF6riJ7Jes,
268,실업급여 조건,7,N,2026.08.31.,5,고용보험,,,"아버지는 다니던 회사에서 불이나 실직자이시고, 살던 집도 내놓은 상태에서 저 혼자 거주지를 다른 지역으로 옮긴다고 하면 이런 경우에도 실업급여를 받을 수 있나요? 본인이...",메치니코프(psyg****),https://kin.naver.com/qna/detail.naver?dirId=6080402&docId=494966768&answerNo=1&qb=7Iuk7JeF6riJ7Jes,
269,실업급여 궁금한점,9,Y,2026.09.01.,5,고용보험,실업급여,,이때부터 정해진 재취업활동을 해야 실업급여가 지급됩니다. 따라서 지금은 고용24에서 본인의 ‘실업인정일’과 해야 할 활동이 무엇인지 먼저 확인해 보세요. 안내받은 날짜...,,https://kin.naver.com/qna/detail.naver?dirId=6080402&docId=494967449&answerNo=5&qb=7Iuk7JeF6riJ7Jes,궁금한점
270,실업급여와 보험비 질문있습니다.,17,N,2026.09.01.,5,"고용, 고용복지",,,현재 막 실업급여 수급자격을 인정받고 신청했는데 의료보험비 청구해서 돌려받는것과 실업급여 충돌은 없는건가요? 실업급여받는것과 의료보험 받는것 별개인가요? 아니면...,종합도우미(boy8****),https://kin.naver.com/qna/detail.naver?dirId=60804&docId=494979844&answerNo=2&qb=7Iuk7JeF6riJ7Jes,"실업급여와, 보험비, 질문있습니다"
271,자발적 퇴사 실업급여 받을 수 있나요?,21,N,2026.09.01.,5,"고용, 고용복지",,,"이런 경우 실업급여를 받을 수 있도록 처리해달라고 요청하면 회사에서 해줄 수 있을까요? 또한 회사에서 그렇게 처리해준다고 하더라도, 실제로는 자발적 퇴사이기 때문에...",갈거미(kp****),https://kin.naver.com/qna/detail.naver?dirId=60804&docId=494980347&answerNo=5&qb=7Iuk7JeF6riJ7Jes,받을
272,실업급여 수급여부?,10,N,2026.09.01.,5,고용보험,실업급여,,지난 26년 1월에 계약만료로 퇴사하여 실업급여를 신청했습니다. 26년 2월부터 9월까지 수급 기간(7개월)이었고26년 3월부터 취업을 하게되어 취업신고를 하고 26년 8월까지...,갈거미(kp****),https://kin.naver.com/qna/detail.naver?dirId=6080402&docId=494985717&answerNo=5&qb=7Iuk7JeF6riJ7Jes,수급여부
273,실업급여 관련입니다.,11,N,2026.09.01.,5,고용보험,,,이러한 상황이라 실업급여를 언제 신청해야 받을 수 있을까요? 바로 신청하면 그 뒤 한달 일 한것이 취직한 걸로 되서 취소 되는데 그 후 다시 신청해도 금액이 같게...,갈거미(kp****),https://kin.naver.com/qna/detail.naver?dirId=6080402&docId=494987504&answerNo=5&qb=7Iuk7JeF6riJ7Jes,관련입니다
274,올리브영 폐점,7,N,2026.09.02.,5,고용보험,,,올리브영에서 일하는데 폐점하면 실업급여 받을 수 있나요 ?? 1년이상 했으면 가능합니다.,15살인어공주(sksk****),https://kin.naver.com/qna/detail.naver?dirId=6080402&docId=495002118&answerNo=2&qb=7Iuk7JeF6riJ7Jes,"올리브영, 폐점"
275,실업 급여,5,N,2025.09.09.,4,고용보험,"실업급여, 실업급여조건",,제가 실업급여를 신청하여 16일에 교육을 들으러 가는데 다음날 바로 지급이 된다하더라고요 1.첫번째 지급은 8일치 급여만 입금이되나요 ? 2. 받는 금액은 어느정도...,갈거미(kp****),https://kin.naver.com/qna/detail.naver?dirId=6080402&docId=488689193&answerNo=3&qb=7Iuk7JeF6riJ7Jes,
276,실업 급여,5,N,2025.09.29.,4,고용보험,,,실업급여 2번째 받는데 고용노동부 안가도되는건가요? 전송했어요 인터넷 전송하시거나 센터 방문시 시간 엄수하여 방문하라는 안내 문자 내용대로 센터 방문하지 아니하고...,갈거미(kp****),https://kin.naver.com/qna/detail.naver?dirId=6080402&docId=489182142&answerNo=3&qb=7Iuk7JeF6riJ7Jes,
277,실업급여신청,6,N,2025.12.09.,4,고용보험,,,12월말이면계약만료입니다 실업급여신청은언제해야하나요 귀하가 계약만료로 퇴사 시점부터 12개월내 할수 있읍니다,산야로(hans****),https://kin.naver.com/qna/detail.naver?dirId=6080402&docId=490672493&answerNo=1&qb=7Iuk7JeF6riJ7Jes,
278,실업급여 신청기간,9,N,2025.12.15.,4,고용보험,,,직장을 8월에 퇴사했는데 지금 신청 가능한가요? 네 신청조건에 해당되면 가능해요,푸른바다(pref****),https://kin.naver.com/qna/detail.naver?dirId=6080402&docId=490787127&answerNo=5&qb=7Iuk7JeF6riJ7Jes,
279,실업급여 신청 전,9,N,2025.12.16.,4,고용보험,,,실업급여 아직 신청 전인데 혹시 3일 알바 해도 되나요? 네 신청전에는 괜찮습니다,,https://kin.naver.com/qna/detail.naver?dirId=6080402&docId=490808111&answerNo=3&qb=7Iuk7JeF6riJ7Jes,
280,4시간 계약직도 실업급여,13,N,2025.12.29.,4,고용안정,,,대상인가요?? 그럼요 8개월 정도 일하면 대상자입니다,메치니코프(psyg****),https://kin.naver.com/qna/detail.naver?dirId=6080401&docId=491048331&answerNo=1&qb=7Iuk7JeF6riJ7Jes,"4시간, 계약직도"
281,실업급여 신청안되겠죠? ( 이직확인서 사유 ),25,N,2026.01.12.,4,고용보험,"실업급여, 실업급여조건, 실업급여신청자격, 이직확인서",,"이게 자진퇴사인거죠..? ㅠㅠ 네, 자발적퇴사에 해당합니다.",종합도우미(boy8****),https://kin.naver.com/qna/detail.naver?dirId=6080402&docId=491302891&answerNo=1&qb=7Iuk7JeF6riJ7Jes,신청안되겠죠
282,실업급여 신청,7,N,2026.02.10.,4,고용보험,,,실업급여 수급자 자격 신청서 처리완료라 떳는데 수급자격 인정된건가여 ??? 인정된게 아니고 신청건을 처리했다는 것이니 심사 결과를 기다리셔야 합니다.,갈거미(kp****),https://kin.naver.com/qna/detail.naver?dirId=6080402&docId=491893391&answerNo=3&qb=7Iuk7JeF6riJ7Jes,
283,실업급여받을수있나요,10,N,2026.03.19.,4,고용보험,"검색질문, 통합검색궁금증, 통합검색질문하기",,60년3월생이며2025년3월에입사했는데실업급여를받을수있나요 간당간당 합니다.,,https://kin.naver.com/qna/detail.naver?dirId=6080402&docId=492551417&answerNo=2&qb=7Iuk7JeF6riJ7Jes,실업급여받을수있나요
284,실업급여!!,6,N,2026.04.07.,4,고용보험,,,제가 지금 실업급여를 받고 있습니다 근데 예전에 지인 한테 빌려준 돈을 받아도 되나요??? 가능합니다~^^~,,https://kin.naver.com/qna/detail.naver?dirId=6080402&docId=492840999&answerNo=4&qb=7Iuk7JeF6riJ7Jes,
285,실업급여신청,6,N,2026.04.14.,4,고용보험,,,9년근무하고 퇴사하면실업급여가몇개월나오나요 50세미만이시면 210일 50세이상은 240일 동안 실업급여 수급할수 있습니다~,가물치(h292****),https://kin.naver.com/qna/detail.naver?dirId=6080402&docId=492962078&answerNo=1&qb=7Iuk7JeF6riJ7Jes,
286,실업급여 받을수있을까요,12,N,2026.04.17.,4,고용보험,"검색질문, 통합검색궁금증, 통합검색질문하기",,실업급여임플란트을해야해서부득이하개 회사를구만두여하는데 받울수있나요 휼륭한 사유입니다...,,https://kin.naver.com/qna/detail.naver?dirId=6080402&docId=493005809&answerNo=3&qb=7Iuk7JeF6riJ7Jes,받을수있을까요
287,실업급여 입사지원 문의!,13,N,2026.05.29.,4,고용보험,,,사람인에서 구직활동했는데 저는 3년제 대학을 나왔는데 대학 4년제 이상 지원인곳에 지원하면 인정 안되나요? 아니요 상관없어요,,https://kin.naver.com/qna/detail.naver?dirId=6080402&docId=493609332&answerNo=1&qb=7Iuk7JeF6riJ7Jes,입사지원
288,실업급여 고용센터,9,N,2026.06.11.,4,고용보험,,,"온라인교육 이수하고 이직확인서 처리되면 고용센터로 방문하면 되나요? 신분증, 통장사본 지참 해서 가면 됩니다",신천옹(cjro****),https://kin.naver.com/qna/detail.naver?dirId=6080402&docId=493795289&answerNo=1&qb=7Iuk7JeF6riJ7Jes,고용센터
289,실업급여 돈,6,N,2026.06.11.,4,고용보험,,,"제가 실업급여를 받게 되었는데, 평균 급여가 62,000원 정도이고 구직급여가 41,000정도로 나와있는데 원래 이런건가요? 이게 무슨상황인지 이해가 안가는대요",메치니코프(psyg****),https://kin.naver.com/qna/detail.naver?dirId=6080402&docId=493801420&answerNo=1&qb=7Iuk7JeF6riJ7Jes,
290,"실업급여 부정수급 신고, 어떻게 하면 될까요",24,Y,2026.08.18.,4,"민원, 행정","오늘숏텐츠, 민원정책, 실업급여, 부정수급신고, 포상금, 고용보험",,"최근에 뉴스에서 실업급여 부정수급 신고하면 포상금도 준다고 하던데, 혹시 주변에 의심되는 사례 보신 적 있으신가요? 만약 신고하게 된다면 절차가 복잡하진 않은지, 그리고...",,https://kin.naver.com/qna/detail.naver?dirId=601&docId=493863127&answerNo=4&qb=7Iuk7JeF6riJ7Jes,하면
291,자발적퇴사 실업급여,10,N,2026.08.20.,4,고용보험,,,"경우 실업급여를 받을 수 있을까요? 원칙적으로 자발적 퇴사는 실업급여 수급이 안 되는데, 근로조건 위반 같은 법정 정당사유에 해당하면 예외적으로 인정받을 수 있거든요....",,https://kin.naver.com/qna/detail.naver?dirId=6080402&docId=493981423&answerNo=5&qb=7Iuk7JeF6riJ7Jes,
292,실업급여 부정수급,9,N,2026.06.24.,4,고용보험,"실업급여, 부정수급",,실업급여 기간에 2일 일했는데 까먹고 신고를 못했다가 오늘 연락이와서 고용24에 자진신고 했는데요 반환액이 그달 받았던 1달치 반환하나요 2일치 반환 하나요?? 해당 회차...,갈거미(kp****),https://kin.naver.com/qna/detail.naver?dirId=6080402&docId=494010650&answerNo=3&qb=7Iuk7JeF6riJ7Jes,
293,실업급여 신청 전 단기알바,14,N,2026.08.28.,4,"고용, 노동",,,이직확인서가 처리가 안 돼서 실업급여는 신청 안 했고 10일 동안 총 90시간 일 했습니다. 단기알바 끝나고 이직확인서가 처리 되어서 실업급여 신청하려고 하는데 받을 수...,퇴근후라이프(gdor****),https://kin.naver.com/qna/detail.naver?dirId=608&docId=494073462&answerNo=3&qb=7Iuk7JeF6riJ7Jes,
294,실업급여 질문,7,N,2026.07.02.,4,고용보험,,,제가 24.8.5~ 26.8.5일까지 근무 하고 재계약 만료(사업주재계약거부)로 퇴사하는데 딱 2년이면 실업급여 받을수있나요? 1일이라도 더 근무하면 못받는건가요? 2024. 08....,갈거미(kp****),https://kin.naver.com/qna/detail.naver?dirId=6080402&docId=494126842&answerNo=4&qb=7Iuk7JeF6riJ7Jes,
295,폐업후 실업급여,8,N,2026.08.26.,4,"고용, 노동",,,간이사업자인데 매출이 안나서 4대보험 가입 아르바이트를 했고 1년3개월 정도 일하던중 알바하는곳이 페업을 예정하고 있습니다 매출은 없지만 혹시나 실업급여를 못받을까봐...,엄청문서운 고라파덕(6521****),https://kin.naver.com/qna/detail.naver?dirId=608&docId=494132677&answerNo=4&qb=7Iuk7JeF6riJ7Jes,폐업후
296,실업급여 질문,7,N,2026.07.03.,4,고용보험,,,이직확인서 피보험단위기간 147일 일용직근무일수 17일 + 2025 11 03 - 11 30 같은사업장입니다 합산하면 191일정도되는거같은데 실업급여 해당이되나여? 이직사유는...,갈거미(kp****),https://kin.naver.com/qna/detail.naver?dirId=6080402&docId=494146259&answerNo=3&qb=7Iuk7JeF6riJ7Jes,
297,실업급여 계산해주세요,11,N,2026.07.03.,4,고용보험,"실업급여조건, 실업급여신청자격, 실업급여수령",,"전직장 주5일 5.5시간일하고 비자발적퇴사 그후 단기계약직 한달 주5일 7시간 일하면 실업급여 얼마받을수있나요 일단 실업급여 지급일액은 57,792원으로 산정됨에 한달...",갈거미(kp****),https://kin.naver.com/qna/detail.naver?dirId=6080402&docId=494148555&answerNo=3&qb=7Iuk7JeF6riJ7Jes,계산해주세요
298,실업급여 문의,7,N,2026.07.04.,4,고용보험,,,"제가 8개월 다닌 회사에서 퇴사를 했는데, 단기계약직후에 실업급여 청구하려고 합니다 근데 단기계약직 하기 전에 3.3 알바해도 되나요? 퇴사후 3.3 알바한후에 단기계약직후...",메치니코프(psyg****),https://kin.naver.com/qna/detail.naver?dirId=6080402&docId=494159451&answerNo=1&qb=7Iuk7JeF6riJ7Jes,
299,고용보험 실업급여,9,N,2026.07.04.,4,고용보험,,,실업급여를 탈 수있는 코드번호 23번 내용이 궁굼합니다. 상실 코드 23번은 회사 경영상 시유로 인한 퇴직으로 실업급여 사유입니다 회사의 부도나 폐업으로 인한 퇴직 회사...,낡은 늑대(yi****),https://kin.naver.com/qna/detail.naver?dirId=6080402&docId=494161514&answerNo=2&qb=7Iuk7JeF6riJ7Jes,
300,실업급여 몇개월 받을수있나요?,16,N,2026.07.06.,4,"고용, 고용복지","검색질문, 통합검색궁금증, 통합검색질문하기",,2016년 11월 입사해서 2026년 7월에퇴사하면 실업급여 몇달 받을수 있낭ᆢ 안녕하세요. 한국공인노무사회-네이버 지식iN 상담 공인노무사 최우정 입니다. 2016년 11월...,,https://kin.naver.com/qna/detail.naver?dirId=60804&docId=494186478&answerNo=3&qb=7Iuk7JeF6riJ7Jes,받을수있나요
301,실업급여 조건,7,N,2026.07.08.,4,고용보험,"실업급여, 실업급여조건, 실업급여수급자격",,회사에서 2년간 정규직 근무흘 하거 실업급여 수급을 위해 1개월 단기계약직을 알아보고 있습니다. 단기계약직 기간이 예시와 같아도 실업급여 수령이 가능할까요? 예시) 7월...,갈거미(kp****),https://kin.naver.com/qna/detail.naver?dirId=6080402&docId=494216215&answerNo=4&qb=7Iuk7JeF6riJ7Jes,
302,실업급여 기간,7,N,2026.07.08.,4,고용보험,,,13년 일 다니다 퇴사후 270일 실업급여 받았고 지금 2년 계약 끝나서 실업급여 신청 하려 하는데 이럴경우 실업급여 몇일 탈수 있나요? 실업급여 받은 이후 취업부터...,갈거미(kp****),https://kin.naver.com/qna/detail.naver?dirId=6080402&docId=494216813&answerNo=4&qb=7Iuk7JeF6riJ7Jes,
303,실업급여중 혼인신고,10,N,2026.07.09.,4,고용보험,,,여자친구가 퇴사를하고 실업급여를 받고있습니다 저와이제 혼인신고를 할려고준비중인데 실업급여중 혼인신고를 하게되면 제가소득이잡혀서 실업급여가 끊키나요? 아뇨...,종합도우미(boy8****),https://kin.naver.com/qna/detail.naver?dirId=6080402&docId=494229398&answerNo=1&qb=7Iuk7JeF6riJ7Jes,"실업급여중, 혼인신고"
304,실업급여5차,6,N,2026.07.10.,4,고용보험,,,제가 실업급여 받는중인데 구직활동2회가 필요해요 이력서를 제출했는데 아무곳에도 연락이 안오면 면접 확인서를 어떻게 제출하나요..!? 이력서 제출만으로도 구직활동이...,갈거미(kp****),https://kin.naver.com/qna/detail.naver?dirId=6080402&docId=494236799&answerNo=2&qb=7Iuk7JeF6riJ7Jes,실업급여5차
305,급여 전 실업급여 신청,12,N,2026.07.11.,4,고용보험,"마지막급여, 실업급여",,안녕하세요 6월30일부로 권고사직하여 실업급여 신청자 인데요 7월10일이 급여일 이였지만 아직 도급비가 들어오지않아서 마지막급여를 수령하지못한상태인데 이직확인서는...,공인노무사 김동희(holy****),https://kin.naver.com/qna/detail.naver?dirId=6080402&docId=494262330&answerNo=3&qb=7Iuk7JeF6riJ7Jes,
306,실업급여 관련,7,N,2026.07.12.,4,고용보험,,,"실업급여 인정일이 5차, 6차가 남았는데 그 전에 면접을 합격했어요. 다만 실제 출근일(계약일) 시작은 6차 실업인정일 후에 시작되는데 이런 경우 5차,6차도 실업인정이...",갈거미(kp****),https://kin.naver.com/qna/detail.naver?dirId=6080402&docId=494271812&answerNo=4&qb=7Iuk7JeF6riJ7Jes,
307,실업급여 수령,7,N,2026.07.14.,4,고용보험,,,다니던 회사가 망해서 회사에서 실업급여 받을 수 있도록 처리해준다는데 보험회사로 투잡을 뛰고 있습니다. 이 경우에 실업급여를 받을수가 없을텐데 근데 다니던 회사가 10년...,산야로(hans****),https://kin.naver.com/qna/detail.naver?dirId=6080402&docId=494301147&answerNo=1&qb=7Iuk7JeF6riJ7Jes,수령
308,징계해고 상실코드26-1 실업급여,18,N,2026.07.15.,4,고용보험,,,징계해고당하는대 아직해고통지서등 서류못받고 서면으로만전달받음 상실코드 26-1적용한다는대 실업급여 못받나요? 고용보험상실코드 26-1 은 근로자의 업무상 중대한...,,https://kin.naver.com/qna/detail.naver?dirId=6080402&docId=494318518&answerNo=2&qb=7Iuk7JeF6riJ7Jes,"징계해고, 상실코드26"
309,쿠팡물류센터주간조 퇴직금과실업급여,18,N,2026.08.31.,4,"개인 신용, 회복",,,1년이상하고 퇴직금나오고 실업급여는 지급방식이 어떻게 되나요? 퇴직금은 얼마정도 나오나요 퇴직금: 1년 이상 계속 근로하고 4주 평균 주당 소정근로시간이 15시간 이상일...,송인철쌤송(stoc****),https://kin.naver.com/qna/detail.naver?dirId=40106&docId=494363724&answerNo=5&qb=7Iuk7JeF6riJ7Jes,"쿠팡물류센터주간조, 퇴직금과실업급여"
310,실업급여 지급에대해,10,N,2026.07.19.,4,고용보험,,,실업급여를 받고있는데 실업급여 한달남앗을때 취업을 하게되면 마지막에 받는 실업급여돈을 받지 못하나요? 실업급여 받고 그만 두세요,메치니코프(psyg****),https://kin.naver.com/qna/detail.naver?dirId=6080402&docId=494367570&answerNo=1&qb=7Iuk7JeF6riJ7Jes,지급에대해
311,실업급여 4차 인정,10,N,2026.07.20.,4,고용보험,실업급여수급자격,,익일 7/21일이 실업인정일인데 금일 7/20일 실무면접1회 후 면접확인서와 온라인특강 1회 수료 한내용으로 제출 가능한지 여쭤봅니다 가능한 경우가 많아요. 면접확인서와...,,https://kin.naver.com/qna/detail.naver?dirId=6080402&docId=494377330&answerNo=2&qb=7Iuk7JeF6riJ7Jes,"4차, 인정"
312,4차 실업급여,7,N,2026.07.20.,4,고용보험,실업급여,,"제가 이번에 4차 실업급여 방문을 해야 하는데 면접 확인서 , 명함 두 개 만으로 인정 받을 수 있을까요? 넵.!! 당연히 면접 확인서 , 명함 두 개 만으로도 인정 받을 수 있습니다.",갈거미(kp****),https://kin.naver.com/qna/detail.naver?dirId=6080402&docId=494382651&answerNo=3&qb=7Iuk7JeF6riJ7Jes,4차
313,실업급여가능여부,8,N,2026.07.20.,4,근로기준,,,10년이상 정규직으로다닌 회사에서 자발적으로 퇴사후 바로 새로운곳(정규직)으로 입사를했습니다 입사후 2개월만에 권고사직을 받았네요 실업급여를 받을수 있을까요 2개월...,신천옹(cjro****),https://kin.naver.com/qna/detail.naver?dirId=60802&docId=494383948&answerNo=1&qb=7Iuk7JeF6riJ7Jes,실업급여가능여부
314,알바인데 실업급여,9,N,2026.07.20.,4,고용보험,,,알바인데 주 15시간이상이고 3개월넘게 일했는데 이거 실업급여 못받죠? 면접 다 떨어졌는데 생활비 벌려고 열심히 알바하는건데 이걸 취업상태로 보나요? 4대보험 모두 가입...,갈거미(kp****),https://kin.naver.com/qna/detail.naver?dirId=6080402&docId=494386765&answerNo=2&qb=7Iuk7JeF6riJ7Jes,알바인데
315,실업급여 질문,7,N,2026.07.23.,4,고용보험,,,45세이며 이년동안 일하다가 관두게 되어 실업급여 신청을 할려는데 얼마동안 얼마나 나오는지 궁금합니다 세후350받았습니다 5개월정도 나오구요 총 1천만원 정도 나올...,빛나라 대한민국(kts7****),https://kin.naver.com/qna/detail.naver?dirId=6080402&docId=494422784&answerNo=1&qb=7Iuk7JeF6riJ7Jes,
316,실업급여 관련,7,N,2026.07.24.,4,"신용, 파산",,,제가 실업급여 9월10일날 끝나는데 편의점알바 8월달에한게 9월12일날 들어오거든요 문제가될까요 ?? 지급일보다 근무기간이 기준이라 8월 알바는 영향 있을 수 있어요. 근로...,김현수(ehow****),https://kin.naver.com/qna/detail.naver?dirId=60203&docId=494435651&answerNo=1&qb=7Iuk7JeF6riJ7Jes,
317,실업급여 관련 질문,10,N,2026.07.24.,4,고용보험,,,이후에 1개월 단기계약직에 들어가서 일하려고 하는데 이런 경우에도 실업급여 신청이 가능한가요? 2개월이라는 공백이 있어도 되는건지 궁금합니다 4년 근무한 곳에서...,갈거미(kp****),https://kin.naver.com/qna/detail.naver?dirId=6080402&docId=494447968&answerNo=4&qb=7Iuk7JeF6riJ7Jes,
318,주휴수당 미지급으로인한 자발적 퇴사시 실,22,Y,2026.08.18.,4,고용보험,,,안녕하세요?주휴수당 미지급 상태로 3년근무후 자발적 퇴사시 실업급여 청구 가능한지요? 3년이라는 긴 시간 동안 묵묵히 일하셨는데 주휴수당 문제까지 겹쳐 자발적으로...,,https://kin.naver.com/qna/detail.naver?dirId=6080402&docId=494452425&answerNo=4&qb=7Iuk7JeF6riJ7Jes,"주휴수당, 미지급으로인한, 퇴사시"
319,실업급여 이직확인서 일소정근로시간 질문,21,N,2026.07.26.,4,고용보험,"일소정근로시간, 실업급여",,퇴사 마지막 달 28일 기준 총 근로시간 58시간에 11일출근 (주마다 출근 일이 다 다름) 일소정근로시간 계산이 어떻게 되는건가요? 한달이 31일인데 퇴사일로 부터 28일전까지...,,https://kin.naver.com/qna/detail.naver?dirId=6080402&docId=494460511&answerNo=2&qb=7Iuk7JeF6riJ7Jes,일소정근로시간
320,실업급여받고있는데 주담대 받을수있나요?,21,N,2026.07.27.,4,고용보험,주택담보대출,,어머니가 실업급여 받고 계시는데 주담대 가능할까요? 그 주택에 다른 담보 설정되어있는게 없고 기대출 없으시면 가능할 수는 있습니다,,https://kin.naver.com/qna/detail.naver?dirId=6080402&docId=494474680&answerNo=2&qb=7Iuk7JeF6riJ7Jes,"실업급여받고있는데, 주담대, 받을수있나요"
321,실업급여 신청후,8,N,2026.07.28.,4,고용보험,,,실업급여 신청접수후 일용근무 4일 근무 했습니다 28일날 1차 교육받습니다 이경우 실업급여 수급자 가 안될수도 있나요? 1차 인정일 당일 일용근로 형태로 4일 근무한 사실을...,갈거미(kp****),https://kin.naver.com/qna/detail.naver?dirId=6080402&docId=494485636&answerNo=3&qb=7Iuk7JeF6riJ7Jes,신청후
322,실업급여 한달계산 해주세요.,15,N,2026.07.28.,4,고용보험,,,2차실업급여 1일 49.536 이고요 7월22일부터 8월18일 입니다. 급여얼마입니까 실업급여는 28일 마다 받습니다. 그럼 138만원 받겠네요.,종합도우미(boy8****),https://kin.naver.com/qna/detail.naver?dirId=6080402&docId=494490073&answerNo=1&qb=7Iuk7JeF6riJ7Jes,"한달계산, 해주세요"
323,실업급여 수급 조건,10,N,2026.07.31.,4,고용보험,,,2023년도 A회사에서 1년 근무 후 실업급여를 받고 실업급여가 끝난 후에 바로 취업을 하였습니다 그래서 2024. 7. 15. ~ 2026. 7. 14. (B회사/2년 근무)를 하였는데 퇴사 후...,갈거미(kp****),https://kin.naver.com/qna/detail.naver?dirId=6080402&docId=494546069&answerNo=1&qb=7Iuk7JeF6riJ7Jes,
324,실업급여때문에요,8,N,2026.08.01.,4,고용보험,,,"그런데 사업주 측에서 세무사와 노무사에게 확인해 보니, 저는 법적으로 4대보험 가입 대상이라 고용보험만 소급해서는 실업급여를 받을 수 없고 4대보험 전체를 소급해야...",메치니코프(psyg****),https://kin.naver.com/qna/detail.naver?dirId=6080402&docId=494553342&answerNo=1&qb=7Iuk7JeF6riJ7Jes,실업급여때문에요
325,실업급여 질문,7,N,2026.08.03.,4,고용보험,,,첫번째 회사 일용직 (고용보험/비자발적퇴사/짤림) 160일했는데 두번째 회사에서 일용직 (주 5일 25일 근무 / 계약직 / 계약만료) 마지막 퇴사가 일용직 25일 근무라 실업급여...,,https://kin.naver.com/qna/detail.naver?dirId=6080402&docId=494570302&answerNo=2&qb=7Iuk7JeF6riJ7Jes,
326,실업급여대상관련,8,N,2026.08.03.,4,고용보험,,,현재 감단직 관리원으로 24시간 맞교대 근무를 하고있습니다 근무시간은 일13시간 휴식시간은 11시간 입니다 제가 실업급여대상자가 될려며 최소몇개월은 일해야 실업급여를...,갈거미(kp****),https://kin.naver.com/qna/detail.naver?dirId=6080402&docId=494573441&answerNo=1&qb=7Iuk7JeF6riJ7Jes,실업급여대상관련
327,실업급여문의,6,N,2026.08.17.,4,고용보험,"실업급여, 계약만료실업급여, 상용직실업급여",,"2년 간 직장에서 근무하고(4대보험공제) 1개월 쉬고 1개월 상용직 계약만료(고용보험만 공제)로 실업급여 수급 가능한가요? 실업급여에 대한 설명과, 최근...",,https://kin.naver.com/qna/detail.naver?dirId=6080402&docId=494593660&answerNo=4&qb=7Iuk7JeF6riJ7Jes,
328,계약만료로 실업급여 신청 시 근로계약서 필,23,Y,2026.08.05.,4,기타,,,제목 그대로 입니다 1년 근무하고 계약만기로 퇴사인데 근로계약서를 작성 안했어서요 계약만료로 인한 실업급여 신청 시 근로계약서 제출이 필수는 아닙니다. 사업장에서...,,https://kin.naver.com/qna/detail.naver?dirId=814&docId=494605531&answerNo=3&qb=7Iuk7JeF6riJ7Jes,"계약만료로, 근로계약서"
329,실업급여 수급요건 충족여부,14,N,2026.08.06.,4,고용보험,,,"2025년 6월부터 2026년 6월까지 주6일 주 48시간 근무 후 자진퇴사 한달 반 정도 단기 아르바이트 (주5일, 주 40시간) 근무를 하게되면 실업급여를 받을 수 있는 요건이...",공인노무사 신제철(cpla****),https://kin.naver.com/qna/detail.naver?dirId=6080402&docId=494620073&answerNo=2&qb=7Iuk7JeF6riJ7Jes,"수급요건, 충족여부"
330,실업급여 질문,7,N,2026.08.10.,4,고용보험,,,실업급여를 받을 수 있을까요? 회사에선 최대한 도와줄 수 있는 것들을 도와주시겠다고 하는데요. 이직확인서에 이직코드에 제가 해당될 코드가 있을까요? 우선...,갈거미(kp****),https://kin.naver.com/qna/detail.naver?dirId=6080402&docId=494665407&answerNo=3&qb=7Iuk7JeF6riJ7Jes,
331,실업급여 인정 시작시기,12,N,2026.08.10.,4,고용보험,,,권고사직으로 퇴직일자 7월 31일 담당자휴가로 서류제출 8월 11일~ 8월14일 실업급여 신청 8월 12일(예정) 이라면 제 실업급여 인정날짜는 언제부터가 되나요?...,청소년근로권익센터(yout****),https://kin.naver.com/qna/detail.naver?dirId=6080402&docId=494673710&answerNo=4&qb=7Iuk7JeF6riJ7Jes,"인정, 시작시기"
332,실업급여 면접,7,N,2026.08.10.,4,고용보험,,,"실업급여 확인일? 이라 오늘 신청하고, 고용24 보니까 처리완료라고 되어있어요. 그 뒤에 입사지원한 곳에서 연락이 왔는데, 공고문 다시 확인하고 몇 번 생각해봐도 저랑 잘...",갈거미(kp****),https://kin.naver.com/qna/detail.naver?dirId=6080402&docId=494675180&answerNo=4&qb=7Iuk7JeF6riJ7Jes,
333,실업급여관련질문,8,N,2026.08.10.,4,고용보험,"실업급여조건, 실업, 구직",,실업급여 신청을 하려고하는데 6개월계약기간이끝난 후 신청을 하려고합니다. 6개월만으로는 180일이안되는걸로아는데 혹시 그 전 근무한곳이 1개월이 있는데 계약은아니고...,,https://kin.naver.com/qna/detail.naver?dirId=6080402&docId=494676423&answerNo=1&qb=7Iuk7JeF6riJ7Jes,실업급여관련질문
334,실업급여 금액 관련 질문..,15,N,2026.08.11.,4,고용보험,,,"임금으로 평균내는걸로 알고있는데 4시간으로 일을해서 한달급여가 140? 정도밖에 안됐으면 실급은 얼마정도로 받나요? 실업급여 지급일액은 33,064원으로 산정됩니다.",갈거미(kp****),https://kin.naver.com/qna/detail.naver?dirId=6080402&docId=494694730&answerNo=4&qb=7Iuk7JeF6riJ7Jes,
335,6개월 근무 실업급여 가능할까요,17,N,2026.08.12.,4,고용보험,,,그럼 실업급여 자격이 될까요 ? 근로계약서는 작성 안했습니다 .. 업무상 바빠서 현실적으로주7일을 근무했다 하더라도 실제 주5일 근무제로 근로 계약이 이뤄졌을...,갈거미(kp****),https://kin.naver.com/qna/detail.naver?dirId=6080402&docId=494697827&answerNo=4&qb=7Iuk7JeF6riJ7Jes,"6개월, 근무, 가능할까요"
336,실업급여 질문,7,N,2026.08.12.,4,고용보험,,,제가 5년동안 실업급여2회차 받았는데 이번에 신청하면3회차되는데 그러면 반복수급자 되나요? 네,,https://kin.naver.com/qna/detail.naver?dirId=6080402&docId=494702630&answerNo=1&qb=7Iuk7JeF6riJ7Jes,
337,실업급여 질문,7,N,2026.08.12.,4,고용보험,,,1.실업급여는 근로복지공단가서 신청하면 되나요? 2.실업급여는 기본3개월정도 받나요? 3.실업급여 받으면서 다른회사에 들어가거나 하루1일짜리 쿠팡물류센터 같은것등등...,갈거미(kp****),https://kin.naver.com/qna/detail.naver?dirId=6080402&docId=494703815&answerNo=4&qb=7Iuk7JeF6riJ7Jes,
338,1일 소정 근로시간 늘리기 실업급여,19,N,2026.08.13.,4,고용보험,"노무사, 실업급여, 1일소정근로시간, 노무상담, 구직급여",,2년간 A회사에서 1일소정근로시간 8시간으로 일했고 퇴사하자마자 다음날에 한달 안되는 기간 동안 1일 소정근로시간 6시간으로 일해서 실업급여 산정 시 1일...,갈거미(kp****),https://kin.naver.com/qna/detail.naver?dirId=6080402&docId=494720833&answerNo=4&qb=7Iuk7JeF6riJ7Jes,"1일, 소정, 근로시간, 늘리기"
339,실업급여 5차,7,N,2026.08.13.,4,고용보험,,,실업급여 5차는 구직 활동 2회망 하면 되는거죠? 고용24로 2개 지원해뒀는데 이거면 되는거죵..? 6차도 구직활동 2회일까요? 넵.!! 실업급여 5차는 구직 활동 2회 진행 하시면...,갈거미(kp****),https://kin.naver.com/qna/detail.naver?dirId=6080402&docId=494723009&answerNo=3&qb=7Iuk7JeF6riJ7Jes,5차
340,실업급여 지역 변경,10,N,2026.08.13.,4,고용보험,,,내가 현재 실업급여 5차받고있는데 지금 시점에서 지원하는 희망지역 변경이 가능하나? 해당지역에서 취업이 어렵다면 희망 지역을 변경해서 취업활동을 하시면 됩니다,빛나라 대한민국(kts7****),https://kin.naver.com/qna/detail.naver?dirId=6080402&docId=494724661&answerNo=2&qb=7Iuk7JeF6riJ7Jes,지역
341,실업급여 질문,7,N,2026.08.14.,4,고용보험,"실업급여, 실업급여단기계약",,"퇴사후 3개월 정도 쉬다가 현재 8월부터 1개월 단기계약직으로 일하는 중인데, 계약만료로 퇴사 후 실업급여를 신청하려고 합니다. 이 경우 직전 3개월 임금을 계산할 때...",,https://kin.naver.com/qna/detail.naver?dirId=6080402&docId=494731956&answerNo=1&qb=7Iuk7JeF6riJ7Jes,
342,실업급여 관련,7,N,2026.08.15.,4,고용안정,"실업급여, 실업급여계산, 실업급여모의계산, 실업급여신청",,제가 기간은 1년 6개월 안에 180일 이상 근무로 실업급여를 4개월 동안 수령 가능 한대염. 총 회사 3군데. 첫번째 회사는 8시간 근무이고 두번째 회사는 5시간 근무. 마지막 현재...,,https://kin.naver.com/qna/detail.naver?dirId=6080401&docId=494735727&answerNo=4&qb=7Iuk7JeF6riJ7Jes,
343,실업급여 8차 주1회 구직활동?,17,N,2026.08.14.,4,고용보험,,,실업급여는 일주일 단위가 아니라 '실업인정 회차'를 기준으로 구직활동 횟수를 채워야 합니다. 8차 실업인정 기간이 언제부터 언제까지인지 확인하는 것이 가장 중요합니다....,,https://kin.naver.com/qna/detail.naver?dirId=6080402&docId=494738135&answerNo=1&qb=7Iuk7JeF6riJ7Jes,"8차, 주1회"
344,실업급여 8차 문의입니다.,14,N,2026.08.15.,4,고용보험,구직활동,,저희 엄마가 실업급여 8차를 이제 하려고 합니다. 직접 방문을 하라고 하셨는데 취업드림수첩에는 구직활동내역 4건을 하고 나서 취업활동증명서도 발급하려고 하는데 어떻게...,,https://kin.naver.com/qna/detail.naver?dirId=6080402&docId=494748625&answerNo=1&qb=7Iuk7JeF6riJ7Jes,"8차, 문의입니다"
345,실업급여 관련,7,N,2026.08.16.,4,고용보험,,,만약 8월에 실업급여 신청 후 10월에 재취업 하여 3개월 기간제 근무를 한 뒤 퇴사 후 실업급여를 재신청 할 수 있나요? 실업급여를 받던 중 재취업했다가 다시 퇴사하는 경우...,,https://kin.naver.com/qna/detail.naver?dirId=6080402&docId=494758360&answerNo=1&qb=7Iuk7JeF6riJ7Jes,
346,실업급여 수령시기,9,N,2026.08.17.,4,고용보험,,,그럼 8일분의 실업급여가 8월 29일에 들어오게 되나요? 그리고 완벽한(?) 100프로 실업급여는 9월말부터 받게되는걸까요? 몇년전 실업급여를 받은게 기억이 안나네요......,갈거미(kp****),https://kin.naver.com/qna/detail.naver?dirId=6080402&docId=494761909&answerNo=4&qb=7Iuk7JeF6riJ7Jes,수령시기
347,실업급여 수급 기간 중 일용직 알바 관련 질,24,Y,2026.08.17.,4,고용보험,"실업급여, 소득신고",,안녕하세요 :) 실업급여와 일용직 알바 기준 헷갈리기 쉬운 부분인데요 주 15시간 이상 월 60시간 이상은 보통 각각 따로 보는 기준이라서 하나만 넘어도 불리하게 볼 수 있어요...,,https://kin.naver.com/qna/detail.naver?dirId=6080402&docId=494767856&answerNo=3&qb=7Iuk7JeF6riJ7Jes,
348,실업급여 신청이 될까요?,13,N,2026.08.17.,4,고용보험,실업급여,,"실업급여를 신청하려고 하는데 아래와 같이 근무를 했었는데, 신청이 될까요? 직장 1 2025년 11월 10일 ~ 12월 8일, 주 5일, 월~금 근무, 주휴수당 O 자발적 퇴사 직장 2...",갈거미(kp****),https://kin.naver.com/qna/detail.naver?dirId=6080402&docId=494771713&answerNo=4&qb=7Iuk7JeF6riJ7Jes,신청이
349,실업급여 만료 후,9,N,2026.08.18.,4,고용보험,,,실업급여 수급만료 된 다음 날부터 입사지원 했던 곳 지원 취소나 면접 안가면 불이익 있나요? 수급이 만료되었으면 상관없습니다.,,https://kin.naver.com/qna/detail.naver?dirId=6080402&docId=494781722&answerNo=1&qb=7Iuk7JeF6riJ7Jes,만료
350,실업급여 질문드립니다..,13,N,2026.08.18.,4,고용보험,,,"실업급여 신청시 월 얼마나 받을수있을까요? 질문자님 현재 근무 형태(일 1시간 × 주 5일 = 주 5시간, 월 20시간 / 월급 46만 원)를 기준으로 실업급여 예상액을...",빛과소금(inte****),https://kin.naver.com/qna/detail.naver?dirId=6080402&docId=494782833&answerNo=1&qb=7Iuk7JeF6riJ7Jes,질문드립니다
351,실업급여 신청 가능여부,12,N,2026.08.18.,4,고용보험,실업급여,,2025.03 - 2025.10 근무하고 계약만료로 25년10월부터 26년 2월말까지 실업급여를 받았습니다 다시 취업하여 26.03 부터 26.09. 말까지 근무하는데 실업급여 다시...,,https://kin.naver.com/qna/detail.naver?dirId=6080402&docId=494787109&answerNo=2&qb=7Iuk7JeF6riJ7Jes,가능여부
352,실업급여 충족요건,9,N,2026.08.19.,4,고용보험,,,"안녕하세요 전직장 이력이있어서 계약직 1개월정도 일하고 실업급여 받으면서 새직장을 구하려고하는데요 지금 보는곳이 국민연금,고용보험,산재보험 이렇게 3가지가...",,https://kin.naver.com/qna/detail.naver?dirId=6080402&docId=494789877&answerNo=3&qb=7Iuk7JeF6riJ7Jes,충족요건
353,실업급여 수급중 해외여행,13,N,2026.08.19.,4,고용보험,,,실업급여 수급인정일이 지나고 일본여행을가려고하는데 가는데 문제없나요? 고용센터에 꼭 전화해서 통보해안되는건지 알고싶습니다~ 실업급여 해외여행 안내 수급인정일만...,피캇(ckdw****),https://kin.naver.com/qna/detail.naver?dirId=6080402&docId=494801744&answerNo=2&qb=7Iuk7JeF6riJ7Jes,수급중
354,실업급여 질문,7,N,2026.08.19.,4,고용보험,실업급여조건,,2026년 8월 3일~8월 31일 상용근로자 고용보험(콜센터) 3번으로 인해 1달이 안되면 실업급여 못받나요? 8/1~2는 주말이라 8/3부터 계약했어요! 주말이라 3일부터...,,https://kin.naver.com/qna/detail.naver?dirId=6080402&docId=494805921&answerNo=1&qb=7Iuk7JeF6riJ7Jes,
355,실업급여 수급 기준,10,N,2026.08.19.,4,고용보험,"실업급여, 자진퇴사실업급여, 계약직실업급여",,2026년 8월 3일~8월 31일 /상용근로자 근로계약 및 고용보험(콜센터)/단기계약종료(고용보험 자격취득 8/3) 3번으로 인해 1달이 안되면 실업급여 못받나요? 8/1~2는...,,https://kin.naver.com/qna/detail.naver?dirId=6080402&docId=494807448&answerNo=2&qb=7Iuk7JeF6riJ7Jes,
356,실업급여 신청가능문의,11,N,2026.08.20.,4,고용보험,,,내 직전 월평균급여가 200정도인데 실업급여 신청할경우 한달에 얼마정도 나오나요 회사 계약 만료로 퇴사예정이고 근무일수는 최근 18개월 이내에 180일 초과입니다 답변...,,https://kin.naver.com/qna/detail.naver?dirId=6080402&docId=494809137&answerNo=4&qb=7Iuk7JeF6riJ7Jes,신청가능문의
357,실업급여 부정수급 자진신고,14,N,2026.08.20.,4,고용보험,,,실업급여 관련하여 고용 24로 부정수급 자진신고를 작성하였고 마지막에 전화가 갈 것이다라는 창도 보았는데 아직 연락이 오지 않아서요. 실업급여 타고 한참 후가 지나서...,,https://kin.naver.com/qna/detail.naver?dirId=6080402&docId=494819330&answerNo=2&qb=7Iuk7JeF6riJ7Jes,자진신고
358,실업급여 지급 조건,10,N,2026.08.20.,4,고용보험,"실업급여조건, 계약직근무, 실업급여",,"안녕하세요 현재 계약직 근무 중입니다 1번은 주5일 근무, 9월 12일 종료 예정 2번은 4.5시간 주 2회 3번은 주 5일 8시간 근무였습니다 이런 경우 실업급여 조건 채워질까요?...",,https://kin.naver.com/qna/detail.naver?dirId=6080402&docId=494821919&answerNo=2&qb=7Iuk7JeF6riJ7Jes,
359,실업급여 알바 병행 가능 여부,16,N,2026.08.21.,4,고용보험,,,알바 투잡을 뛰는데 한곳을 관두면서 실업급여를 받고자 합니다. 다만 다른 곳은 계속 근무를 해야 하는지라 근무하면서 실업급여를 받는 것이 가능한지 궁금합니다. 근무 중인...,,https://kin.naver.com/qna/detail.naver?dirId=6080402&docId=494825250&answerNo=4&qb=7Iuk7JeF6riJ7Jes,병행
360,실업급여 반복수급 문의,12,N,2026.08.21.,4,고용보험,,"실업급여를 10월에 받으려고 하는데 그럼 5년 내 3번째가 됩니다 반복수급 감액은 아직 시행되지 않은 것이라고 확인 했습니다 반복 수급자는 구직활동을 2주에 한 번 해야하며, 온라인 등 재취업 활동은 인정 안 한다고 하는데 저도 포함이 될까요? 어디선 4번째부터 반복 수급자라고 해서 헷갈려서 문의 드립니다","네, 이 부분이 인터넷에 설명이 조금씩 달라서 헷갈리실 만합니다. 현재 기준으로는 “5년 이내 3회 수급 = 무조건 반복수급자라서 구직활동만 해야 한다”라고 단정해서 보시면 안 됩니다. 반복수급자에 대한 별도 실업인정 기준이 적용되는지는 수급 횟수와 해당 수급자의 실업인정 조건을 고용센터에서 어떻게 적용하는지를 확인해야 합니다. 그리고 질문하신 “4번째부터 반복수급자....",ghlt****,https://kin.naver.com/qna/detail.naver?answerNo=1&dirId=6080402&docId=494832146&kinsrch_src=pc_tab_kin&qb=7Iuk7JeF6riJ7Jes,
361,실업급여 180일 충족하나요?,16,N,2026.08.21.,4,고용보험,,,고용보험 취득일이 26년 2월 1일이고 주 5일 근무하였으며 4대 보험도 가입되어 있습니다 8월 31일에 계약종료(비자발적퇴사)인데 실업급여 180일 충족하나요??...,청소년근로권익센터(yout****),https://kin.naver.com/qna/detail.naver?dirId=6080402&docId=494834164&answerNo=2&qb=7Iuk7JeF6riJ7Jes,"180일, 충족하나요"
362,실업급여 서류 대기,10,N,2026.08.22.,4,고용보험,"실업급여, 개인사업자",,"들어가서 지원현황 보여주는 거로도 증빙이 되나요? 개인사업자가 실업급여 받는 건 기본적으로 불가능하지만, 방법은 있습니다. https://blog.naver.com/choipd80/224386563691",팩트체크 요즘대세(choi****),https://kin.naver.com/qna/detail.naver?dirId=6080402&docId=494844428&answerNo=2&qb=7Iuk7JeF6riJ7Jes,
363,실업급여 문의,7,N,2026.08.23.,4,고용보험,,,후 실업인정 신청하시면 되겠습니다. 실직 당시 연령이 60세 이상인데 5건 진행해야... 지난 실업인정 신청 당시 매 회차 인정기간의 재취업활동 회수가 공히 1건 아니었나요!,갈거미(kp****),https://kin.naver.com/qna/detail.naver?dirId=6080402&docId=494850469&answerNo=2&qb=7Iuk7JeF6riJ7Jes,
364,실업급여 타는 사람들은,12,N,2026.08.23.,4,고용보험,,,"실업급여 수급기간 중에 취직이 어려운 자리로만 지원해서 일자리를 탈락하기도 하나요? 네, 실제로 그런 경우는 있을 수 있습니다. 실업급여를 받는 동안 일부러 본인...",명경지수심심상인(zksp****),https://kin.naver.com/qna/detail.naver?dirId=6080402&docId=494854389&answerNo=2&qb=7Iuk7JeF6riJ7Jes,"타는, 사람들은"
365,실업급여 수급 중 보험설계사 취업?,19,N,2026.08.23.,4,고용보험,"실업급여, 보험설계사",,현재 실업급여를 받는 중인데 보험설계사 일을 해보려 합니다. 위촉직이고 초기에는 교육 기간도 있으며 본격적으로 영업을 시작해도 100%성과급제인만큼 당장 소득이 없을...,붐붐붐(kaka****),https://kin.naver.com/qna/detail.naver?dirId=6080402&docId=494860551&answerNo=1&qb=7Iuk7JeF6riJ7Jes,보험설계사
366,쿠팡단기직 실업급여,10,N,2026.08.24.,4,고용보험,,안녕하세요. 회사를 2년정도 근무 후 퇴사하여 쿠팡에서 단기직으로 일하고 있습니다. 단기직도 실업급여가 가능하다는데 전 회사에서도 고용보험이랑 쿠팡단기직으로 고용보험 내걸로 가능할까요?,네 가능합니다. 다만 중요한 것은 마지막으로 퇴사하는 곳이 어디인지입니다. 현재 회사에서 2년 근무 후 자발적으로 퇴사하고 쿠팡 단기직으로 근무 중이라면 쿠팡 근무가 끝나는 시점의 퇴사사유가 중요합니다. 쿠팡 단기직이 고용보험에 가입되어 있다면 기존 회사의 고용보험 기간과 쿠팡의 피보험단위기간을 합산할 수 있습니다. 최종 이직일 이전 18개월 안의 피보험단위기간이 180....,노마드라이프,https://kin.naver.com/qna/detail.naver?answerNo=1&dirId=6080402&docId=494864514&kinsrch_src=pc_tab_kin&qb=7Iuk7JeF6riJ7Jes,쿠팡단기직
367,자진퇴사 실업급여 신청,12,N,2026.08.24.,4,"고용, 고용복지","실업급여조건, 자진퇴사실업급여, 노무사님도와주세요, 노무사, 실업급여수급자격, 실업급여신청, 실업급여신청자격",,찾아 보니까 자진퇴사여도 출퇴근이 3시간 이상걸리고 부양할 가족이있어서 이사를 가게되면 실업급여 신청이 가능하다고 들었는데 실제로 어머니혼자 계셔서 이사를...,민승기노무사(mm****),https://kin.naver.com/qna/detail.naver?dirId=60804&docId=494865359&answerNo=4&qb=7Iuk7JeF6riJ7Jes,
368,실업급여가 가능한가요?,12,N,2026.08.25.,4,고용보험,,,이직확린서에 근로자의 귀책사유가없는 해고 라고 되있는데 실업급여가 가능한가요? 비자발적 퇴사라서 가능할겁니다,,https://kin.naver.com/qna/detail.naver?dirId=6080402&docId=494885266&answerNo=4&qb=7Iuk7JeF6riJ7Jes,실업급여가
369,52시간 초과근무로 인한 퇴사 실업급여 여부,24,N,2026.08.25.,4,고용보험,,,이전 상담시 퇴사 이전 1년내에 52시간 근무주가 9회이상시 실업급여 대상으로 안내받았습니다. 실업급여 수급 조건을 충족하려면 10/12일로 퇴사를...,,https://kin.naver.com/qna/detail.naver?dirId=6080402&docId=494886225&answerNo=2&qb=7Iuk7JeF6riJ7Jes,"52시간, 초과근무로, 인한"
370,실업급여 구직활동 중 문의,14,N,2026.08.27.,4,"고용, 고용복지",,,"실업급여 2차이고 구직활동 중 인데요, 제가 희망 업종이 사무 보조원(일반사업체)로 설정이 되어있는데 이런 경우 제조업 회사의 사무직으로 구직활동을 해도 되는건지...",마징가(ac****),https://kin.naver.com/qna/detail.naver?dirId=60804&docId=494887709&answerNo=4&qb=7Iuk7JeF6riJ7Jes,
371,실업급여 조건 한번 봐주세요..!ㅠ,19,N,2026.08.25.,4,고용보험,,,실업급여 조건 한번 봐주세요..!ㅠ 직장a 2024 4.1- 2025.4.1 직장b 2025.4.1- 2026 2.23 직징c 2026.3.5- 2026. 8.25 전부다 고용보험 가입에 주 5일 근무 했습니다...,갈거미(kp****),https://kin.naver.com/qna/detail.naver?dirId=6080402&docId=494887987&answerNo=4&qb=7Iuk7JeF6riJ7Jes,한번
372,자발적 퇴사로 실업급여 받을수있을까요?,21,N,2026.08.25.,4,고용보험,"자발적퇴사, 실업급여, 사업지이전, 퇴사사유",,이 상황에서 사업지 이전으로 인한 실업급여 신청이 가능할까요? 저는 자차출퇴근을 하다 곧 차량을 매각해야하는 상황이기도합니다 출퇴근 왕복시간이 3시간이 넘어가는게...,갈거미(kp****),https://kin.naver.com/qna/detail.naver?dirId=6080402&docId=494888100&answerNo=4&qb=7Iuk7JeF6riJ7Jes,"퇴사로, 받을수있을까요"
373,실업급여 문의,7,N,2026.08.26.,4,고용보험,,,2주전 실업급여 신청을 하여 1차 출석 대기 중에 면접을 봤던 곳에서 합격이 되어 이번주 월요일 하루 교육 받으러 1일 출근 하였습니다. 그런데 근로 환경이나 출퇴근...,청소년근로권익센터(yout****),https://kin.naver.com/qna/detail.naver?dirId=6080402&docId=494897013&answerNo=3&qb=7Iuk7JeF6riJ7Jes,
374,개인사업자 있는 상태에서 실업급여,18,N,2026.08.26.,4,고용보험,"실업급여, 실업급여조건, 개인사업자휴업실업급여, 개인사업자",,끝나서 실업급여를 신청후 조기재취업수당을 바로 신청하고 상용직 근무를 계속 할 예정입니다 개인사업자는 넘버를 구입한지 6개월이 되지않아서 후에 처분후 폐업할...,,https://kin.naver.com/qna/detail.naver?dirId=6080402&docId=494897080&answerNo=3&qb=7Iuk7JeF6riJ7Jes,"개인사업자, 상태에서"
375,실업급여 취업관련,9,N,2026.08.26.,4,고용보험,,,9월9일이 마지막회차 실업인정일이고 9월10일이 출근예정일입니다. 취업예정인데 따로... 생활비 주는 것도 아니고 구직하라고 주는 구직 지원급여인데 구직 할 필요가 없다면...,중서문하성낭사(nang****),https://kin.naver.com/qna/detail.naver?dirId=6080402&docId=494897568&answerNo=3&qb=7Iuk7JeF6riJ7Jes,취업관련
376,실업급여 180일 충족한지 계산해주세요 !!,24,N,2026.08.26.,4,고용보험,,,전직장 자진퇴사는 실업급여 산정에 보통 포함되지 않아요. 현재 직장 근무기간만으로 180일 충족되는지 확인해보시면 될 것 같아요.,,https://kin.naver.com/qna/detail.naver?dirId=6080402&docId=494902705&answerNo=2&qb=7Iuk7JeF6riJ7Jes,"180일, 충족한지, 계산해주세요"
377,실업급여신청전 알바후?,12,N,2026.08.27.,4,고용보험,,,"이전껄로바로 실업급여신청이 가능할까요? 이전 직장의 퇴사 사유가 '비자발적 퇴사(권고사직, 계약만료 등)'라면 가능합니다. 다만, 4대 보험 미가입 알바는 추후 행정 처리...",,https://kin.naver.com/qna/detail.naver?dirId=6080402&docId=494910825&answerNo=3&qb=7Iuk7JeF6riJ7Jes,"실업급여신청전, 알바후"
378,실업급여 질문,7,N,2026.08.27.,4,고용보험,,,자진퇴사라 실업급여를 못받을거같은데 너무 힘이들어서 9월 한달은 쉬고 10월부터 일반 알바로 3개월 근로계약서 작성 후 퇴직하게되면 실업급여를 받을 수 있게...,,https://kin.naver.com/qna/detail.naver?dirId=6080402&docId=494913766&answerNo=1&qb=7Iuk7JeF6riJ7Jes,
379,실업급여 관련,7,N,2026.08.27.,4,고용보험,,,안녕하세요 다름이 아니고 제가 실업급여를 수령하고 있는데 재취업활동을 2건을 해야하는데 혹시 한번은 구직활동 한번은 구직외활동하는식으로 하루에 몰아서 진행한...,,https://kin.naver.com/qna/detail.naver?dirId=6080402&docId=494917976&answerNo=4&qb=7Iuk7JeF6riJ7Jes,
380,뇌경색 실업급여,8,N,2026.08.27.,4,고용보험,,,"실업급여는 구직활동이 가능한 상태를 전제로 하기 때문에, 입원 치료 중이라 당장 근로가 어렵다면 이 요건을 어떻게 볼지가 관건입니다. 핵심은 사유보다 입증입니다....",퇴근후라이프(gdor****),https://kin.naver.com/qna/detail.naver?dirId=6080402&docId=494920249&answerNo=2&qb=7Iuk7JeF6riJ7Jes,뇌경색
381,실업급여 180일 미만,12,N,2026.08.28.,4,고용보험,,,1년 좀 넘게 알바하던 곳이 없어져서 실업급여를 받고 싶은데요 출근횟수가 180번보다 부족해요 사장님에게 부탁드려서 180번을 채운다던가 하면 무조건 들키나요? 1년 넘게...,,https://kin.naver.com/qna/detail.naver?dirId=6080402&docId=494925362&answerNo=1&qb=7Iuk7JeF6riJ7Jes,"180일, 미만"
382,실업급여관련하여 질문있습니다.,16,N,2026.08.28.,4,고용보험,,,제가 실업급여를 받기로 하고 퇴사를 하는데 회사에 고용지원금을 받는 직원이 있어서 실업급여를 해주기 어렵다는 답변을 받았습니다. 실업급여를 해주면 고용주에게 추후...,신천옹(cjro****),https://kin.naver.com/qna/detail.naver?dirId=6080402&docId=494928587&answerNo=1&qb=7Iuk7JeF6riJ7Jes,"실업급여관련하여, 질문있습니다"
383,실업급여 근무일수 조건,12,N,2026.08.28.,4,고용보험,,,제가 25년3월10일 입사했는데 회사를 개월수로는 17개월 좀 넘게 다닌건데 혹시 실업급여 신청할 때 회사 근무 일수 조건에는 문제가 없는건지 궁금합니다. 6개월 이상 고용...,신천옹(cjro****),https://kin.naver.com/qna/detail.naver?dirId=6080402&docId=494929073&answerNo=1&qb=7Iuk7JeF6riJ7Jes,근무일수
384,실업급여 근로,7,N,2026.08.28.,4,고용보험,,,실업급여 수급 중 소득 신고 대상은 실업인정대상기간 내에 실제 근로를 하거나 소득이 발생한 경우에만 해당합니다. 따라서 8월 21일 이전에 일해서 발생한 소득은 이번...,아모리박사(jjj9****),https://kin.naver.com/qna/detail.naver?dirId=6080402&docId=494929808&answerNo=1&qb=7Iuk7JeF6riJ7Jes,
385,실업급여 4차 질문이요,12,N,2026.08.28.,4,고용보험,"실업급여, 실업급여4차",,실업급여 4차 때는 지정된 날짜에 고용센터를 반드시 대면 방문해야 합니다. 헷갈리지 않으시도록 방문 시기와 구직활동 방법에 대해 핵심만 정리해 드릴게요. 1. 언제 방문해야...,힘내세요(ho****),https://kin.naver.com/qna/detail.naver?dirId=6080402&docId=494930025&answerNo=1&qb=7Iuk7JeF6riJ7Jes,"4차, 질문이요"
386,실업급여부당해고,8,N,2026.08.28.,4,고용보험,"부당해고, 실업급여",,맘같아선 노동청에 신고 하고싶네요 실업급여도 6개월 이상부터 받을수있지않나요..? 도와주세요 안녕하세요. 한국공인노무사회-네이버 지식iN 상담 공인노무사 정마루...,공인노무사 정마루(with****),https://kin.naver.com/qna/detail.naver?dirId=6080402&docId=494931533&answerNo=3&qb=7Iuk7JeF6riJ7Jes,실업급여부당해고
387,"실업급여,퇴직금",8,N,2026.08.28.,4,고용보험,,,그만둔다고하면 실업급여 받기어렵나요? 실업급여를 신청해달라고하면 사장님께 불이익이있나요? 실업급여 받는 다고 사장이 불이익 받는 것은 없습니다 질문자가 4대보험...,신천옹(cjro****),https://kin.naver.com/qna/detail.naver?dirId=6080402&docId=494933954&answerNo=2&qb=7Iuk7JeF6riJ7Jes,
388,실업급여 자발적 퇴사여도 받을 수 있는 방법,24,N,2026.08.28.,4,고용보험,,,몇 주 지나고 다시 똑같은 회사에 재입사를 해서 180일을 채우면 실업급여를 받을 수 있나요? 자발적 퇴사도 마지막 직장 기준으로 따져서 비자발적으로 퇴사하면 실업급여를...,,https://kin.naver.com/qna/detail.naver?dirId=6080402&docId=494935424&answerNo=4&qb=7Iuk7JeF6riJ7Jes,"퇴사여도, 받을"
389,직장내 괴롭힘 퇴사 실업급여,15,N,2026.08.28.,4,고용보험,,,사직서 사유에 직장내 괴롭힘 권력남용 적고싶어요 다음 직장 이직후 계약만료로 퇴사하면 실업급여 받을 수 있나요? 받으려면 전 직장에서의 필요한 서류가 따로있나요?...,김선호 변호사(hans****),https://kin.naver.com/qna/detail.naver?dirId=6080402&docId=494935590&answerNo=1&qb=7Iuk7JeF6riJ7Jes,"직장내, 괴롭힘"
390,실업급여 문의,7,N,2026.08.30.,4,고용보험,,,11월부터 4대보험은 다 들어간 상태 입니다 현재 취업준비로 인해 일을 그만두려고 하는데 자진퇴사는 실업급여 받기 어렵다 들어서 문의 드립니다 혹시 위 내용 처럼 근무...,가물치(h292****),https://kin.naver.com/qna/detail.naver?dirId=6080402&docId=494953192&answerNo=1&qb=7Iuk7JeF6riJ7Jes,
391,실업급여 신청일 궁금합니다,14,N,2026.08.30.,4,고용보험,,,건설일용직으로 일하고있습니다 8월31일 퇴사를 하면 실업급여는 몇월 몇일날 신청할수있는건가요? 궁금합니다 건설일용근로자는 수급자격 신청 전 14일 동안...,,https://kin.naver.com/qna/detail.naver?dirId=6080402&docId=494955365&answerNo=3&qb=7Iuk7JeF6riJ7Jes,"신청일, 궁금합니다"
392,실업급여질문,6,N,2026.08.30.,4,고용보험,,,8월30일 실업급여 1차교육일입니다. 저번주에 면접보고 취업해서 9월1일 출근입니다. 8월30일 교육 참여를 해서 실업급여 1회라도 받아야될까요? 아님 실업급여 받지않고...,,https://kin.naver.com/qna/detail.naver?dirId=6080402&docId=494957747&answerNo=2&qb=7Iuk7JeF6riJ7Jes,실업급여질문
393,고용보험일수 부족해서 실업급여 못 받을경,22,Y,2026.08.30.,4,고용보험,,,"고용보험 일수 7일 부족해서 실업급여를 못 받아서 받을수 있는 방법은 없을까요 안녕하세요. 딱 7일 부족하신 상황이라면, 포기하기 전에 몇 가지 확인해보실 부분이...",,https://kin.naver.com/qna/detail.naver?dirId=6080402&docId=494959565&answerNo=3&qb=7Iuk7JeF6riJ7Jes,"고용보험일수, 부족해서, 받을경"
394,실업급여 부정수급인가요?,13,N,2026.09.02.,4,고용보험,"실업급여, 구직활동, 부정수급",,그래서 4차 실업급여를 수급받아야 되는데 4차는 구직활동 1회가 필수 포함인데 저는 최종합격한 회사가 원래 제가 갈려고 한 곳이라 다른 직장에 가고싶은 생각은 없습니다....,민승기노무사(mm****),https://kin.naver.com/qna/detail.naver?dirId=6080402&docId=494960238&answerNo=4&qb=7Iuk7JeF6riJ7Jes,부정수급인가요
395,실업급여 수급 중 전입신고(이사),18,N,2026.08.30.,4,고용보험,,,현재 실업급여 수급중에 있는데 실업급여 수급하고 있는 지역 이사문제로 잠깐 전입신고의 문제가 생겨 타지역으로 전입신고를 하였습니다. 실업급여 인정일날 타지역으로...,최창국공인노무사(cc37****),https://kin.naver.com/qna/detail.naver?dirId=6080402&docId=494960555&answerNo=2&qb=7Iuk7JeF6riJ7Jes,전입신고
396,퇴직후 회사에 실업급여 요청 가능한가요?,22,N,2026.08.31.,4,고용보험,,,퇴사한지 한달이 지났습니다 알아보니 주52시간 초과근무한게 많으면 실업급여 수급이 가능하다고 해서요 이제라도 회사에 요청하면 실업급여 신청이 가능한가요?...,,https://kin.naver.com/qna/detail.naver?dirId=6080402&docId=494965396&answerNo=4&qb=7Iuk7JeF6riJ7Jes,"퇴직후, 회사에, 요청"
397,실업급여 문의,7,N,2026.08.31.,4,고용보험,,,안녕하세요 실업급여 궁금한점이 있습니다 2025년8월1일 입사 해서 2026년 8월3일까지 근무를 하였습니다 근로계약서는 2025년9월에 작성을 하였는데 고용노동부에서 실업급여가...,코웨이 이팀장(roya****),https://kin.naver.com/qna/detail.naver?dirId=6080402&docId=494965408&answerNo=1&qb=7Iuk7JeF6riJ7Jes,
398,실업급여 퇴사,7,N,2026.08.31.,4,고용보험,,,하지만 원래 해야할 업무 외에 다른 업무를 시키면 자진퇴사라해도 실업급여가 가능할까요? 사업주는 자진퇴사라 서류같은거 안써줄꺼고 그렇다면 사업주에게...,최창국공인노무사(cc37****),https://kin.naver.com/qna/detail.naver?dirId=6080402&docId=494965726&answerNo=4&qb=7Iuk7JeF6riJ7Jes,
399,실업급여 취직 질문이요,12,N,2026.08.31.,4,고용보험,,,그래도 실업급여 4차까진 타먹을수있나요? 아니면 확 14일까지 출근날짜를 땡겨야하나요?ㅠㅠ 4차 인정일 당일 실업자냐 근로자냐입니다. 실업자 신분이면 평상시대로...,갈거미(kp****),https://kin.naver.com/qna/detail.naver?dirId=6080402&docId=494968670&answerNo=4&qb=7Iuk7JeF6riJ7Jes,"취직, 질문이요"
400,2차 실업급여 질문,10,N,2026.08.31.,4,고용보험,,,"내일이 2차 실업급여 지급일 입니다. 2차 실업급여는 동영상 2개 시청이라고 되어있는데 혹시 번호 1,2로도 인정이 될까요? 조금 알아보니 동영상 2개를 봐야한다고 들어서...",,https://kin.naver.com/qna/detail.naver?dirId=6080402&docId=494968786&answerNo=2&qb=7Iuk7JeF6riJ7Jes,2차
401,가족사업장 실업급여,10,N,2026.08.31.,4,고용보험,,,안녕하세요 실업급여 관련해서 문의드립니다. 2025.05~2026.03 까지 회사생활을 하다가 퇴사했고 2026.09부터 부모님 가게에서 잠시 일을하게 됐습니다. 부모님과는 동거중이며...,,https://kin.naver.com/qna/detail.naver?dirId=6080402&docId=494972274&answerNo=4&qb=7Iuk7JeF6riJ7Jes,가족사업장
402,실업급여 기준 질문,10,N,2026.09.01.,4,고용보험,,,실업급여 떄문에 고용보험 이력을 봤는데 그냥 다 한 달에 7일로 되어있더라구요 누락된 달도 있구요 12월까지가 인턴 근무인데 일용직으로 실제 근무한 일은 150일 정도이고...,코웨이 이팀장(roya****),https://kin.naver.com/qna/detail.naver?dirId=6080402&docId=494980711&answerNo=1&qb=7Iuk7JeF6riJ7Jes,
403,알바 퇴사 후 실업급여,12,N,2026.09.01.,4,고용보험,,,"하고 최종 비자발적인 사유로 실직한 경우이며 근무기간 중 피보험 단위기간[근무일수, 유급일수]이 180일 이상이라면 실업급여 신청시 받을수 있는 자격에 해당되십니다.",갈거미(kp****),https://kin.naver.com/qna/detail.naver?dirId=6080402&docId=494987757&answerNo=4&qb=7Iuk7JeF6riJ7Jes,
404,현재68세도 실업급여 받을수 있나요,19,N,2026.09.01.,4,고용보험,,,^ 질문자분께서 주5일기준 근로를 하고 계신것으로 보입니다 60세이후 계속 근로를 유지하시며 고용 보험료 납부하고 계신 상황이면 비자발적으로 퇴사 해야 실업급여...,,https://kin.naver.com/qna/detail.naver?dirId=6080402&docId=494988427&answerNo=1&qb=7Iuk7JeF6riJ7Jes,"현재68세도, 받을수"
405,질병퇴사 실업급여,9,N,2026.09.01.,4,고용보험,"노무사님도와주세요, 실업급여, 질병퇴사실업급여",,퇴사 후 소견서를 받게 된 것이 걸리는데… 그 전부터 진행했던 진료 내역과 병원에 방문한 통근확인서를 준비하면 추후 실업급여 신청하는데 도움이 될까요?...,갈거미(kp****),https://kin.naver.com/qna/detail.naver?dirId=6080402&docId=494988711&answerNo=3&qb=7Iuk7JeF6riJ7Jes,질병퇴사
406,실업급여 부정수급 신고,12,N,2026.09.02.,4,고용보험,"실업급여, 실업급여부정수급, 부정수급",,실업급여 부정수급자를 신고하면 신고자 이름이 노출되나요? 신고하고 싶은데 이름 노출이 꺼려져서요. 안녕하세요. 한국공인노무사회-네이버 지식iN 상담 공인노무사 민승기...,민승기노무사(mm****),https://kin.naver.com/qna/detail.naver?dirId=6080402&docId=494990113&answerNo=4&qb=7Iuk7JeF6riJ7Jes,
407,부당해고 실업급여 신청가능한가요?,18,N,2026.09.02.,4,노동법,"부당해고, 실업급여, 실업급여조건, 부당해고조건",,"부당해고로 실업급여 가능한가요? 어떻게 해야되나요? 제발 도와주세요 지식인 드리겠습니다 !! 1. 해고를 당한 근로자는 실업급여, 해고예고수당, 부당해고 등 구제신청을...",공인노무사 정건(cpla****),https://kin.naver.com/qna/detail.naver?dirId=60222&docId=494992036&answerNo=3&qb=7Iuk7JeF6riJ7Jes,"부당해고, 신청가능한가요"
408,실업급여4차 면접방문 합격통보,16,N,2026.09.02.,4,고용보험,,,실업급여에서 입사지원·면접이 인정되는 기준과 형식적 구직활동으로 보는 경우를 아래에 같이 정리해두었으니 4차 제출 전에 확인해보세요.,,https://kin.naver.com/qna/detail.naver?dirId=6080402&docId=494993045&answerNo=2&qb=7Iuk7JeF6riJ7Jes,"실업급여4차, 면접방문, 합격통보"
409,실업급여 질문,7,N,2026.09.02.,4,고용보험,,,1년 반 넘게 8시간 근무를 했고 퇴사전에 갑작스런 근무 변경으로 인하여 6시간 근무로 변경하게 되었습니다 2달동안 6시간 근무를 하고 퇴사를 했는데 실업급여가 6시간으로...,김정식 노무사(ckla****),https://kin.naver.com/qna/detail.naver?dirId=6080402&docId=494994971&answerNo=2&qb=7Iuk7JeF6riJ7Jes,
410,실업구직급여 계산,9,N,2026.09.02.,4,고용보험,,,실업급여 하루66048원 180일 6개월지급일때 1차 8일값 528384원 2차 28일값 1849344원 3차 4차 5차 6차도 각 1849344원 받게되는건가요? 66048×28일 ×6개월하면 총...,,https://kin.naver.com/qna/detail.naver?dirId=6080402&docId=494996017&answerNo=1&qb=7Iuk7JeF6riJ7Jes,실업구직급여
411,어머니가 실업급여 가능할까요?,16,N,2026.09.02.,4,고용보험,실업급여,,혹시 실업급여 신청이가능할까요 연세는 64세이십니다 그래서 안될꺼같아고 해서 실업급여 센터 가기전에 가능 여부만 알고싶어서요 안녕하세요....,청소년근로권익센터(yout****),https://kin.naver.com/qna/detail.naver?dirId=6080402&docId=494996747&answerNo=4&qb=7Iuk7JeF6riJ7Jes,"어머니가, 가능할까요"
412,퇴직금이랑 실업급여 계산 부탁드립니다,20,N,2026.09.03.,4,고용보험,,,그리고 실업급여가 각각 얼마일까요? 계약 종료를 앞두고 퇴직금과 실업급여 계산 때문에 고민이 많으시겠어요. 정확한 금액은 회사의 취업규칙이나 세부 급여...,,https://kin.naver.com/qna/detail.naver?dirId=6080402&docId=494998971&answerNo=4&qb=7Iuk7JeF6riJ7Jes,퇴직금이랑
413,실업급여 일급여,8,N,2026.09.02.,4,고용보험,,,하루급여보다 적게 알바하면 삭감이 안된다는글을봤는데.. 이게맞나요?? 예로 57000원 아래로 알바소득은 차감이 안된다?? 맞는지가 궁금합니다. 아니요 삭감됩니다.,가린샤(kimh****),https://kin.naver.com/qna/detail.naver?dirId=6080402&docId=494999855&answerNo=1&qb=7Iuk7JeF6riJ7Jes,일급여
414,실업급여 질문,7,N,2026.09.03.,4,고용보험,,,아니면 꼭 구직활동이여야만하는건가요 내일이 3차 실업인정... 3차 실업인정 때 꼭 입사지원 같은 구직활동을 해야 하는 것은 아닙니다. 일반수급자는 2~3차 실업인정 기간에는...,창고주인(nabe****),https://kin.naver.com/qna/detail.naver?dirId=6080402&docId=495001105&answerNo=4&qb=7Iuk7JeF6riJ7Jes,
415,실업급여 궁금합니다,10,N,2026.09.03.,4,고용보험,,,저는 재계약 안하고 실업급여를받을수있나요? 하청에서일하던사람은 자동승계되었어요 원청과의 계약기간 만료 시점 기준으로 원청(사업주) 측에서 재계약을 제시했는지...,라이프노트(sdw8****),https://kin.naver.com/qna/detail.naver?dirId=6080402&docId=495002550&answerNo=4&qb=7Iuk7JeF6riJ7Jes,궁금합니다
416,실업급여 보험가입기간 질문,14,N,2026.09.03.,4,고용보험,,,실업급여의 180일은 단순 재직기간이 아니라 임금 지급의 기초가 된 피보험단위기간으로 계산합니다. 주 5일을 모두 근무하고 주휴일이 유급으로 발생한다면 근로일 5일에...,,https://kin.naver.com/qna/detail.naver?dirId=6080402&docId=495014473&answerNo=2&qb=7Iuk7JeF6riJ7Jes,보험가입기간
417,실업급여 알바 시간,10,N,2026.09.03.,4,고용보험,,,실업급여 알바 시간 안내 질문자님 말씀처럼 실업급여는 보통 주 15시간 미만 월 60시간 미만 기준을 많이 봅니다 16시간처럼 조금 넘는다고 바로 큰일 나는 경우만 있는 건...,,https://kin.naver.com/qna/detail.naver?dirId=6080402&docId=495015378&answerNo=1&qb=7Iuk7JeF6riJ7Jes,
418,실업급여 문의,7,N,2026.08.26.,3,고용보험,"실업급여수급자격, 실업급여",,12월 18일 실업급여를 신청하고 다음날 마지막 투잡일을 하고 퇴사하려하는데 이거 부정수급인가요? 급여일은 둘다 22일에 받습니다. 8월 7일을 마지막으로 권고사직으로...,,https://kin.naver.com/qna/detail.naver?dirId=6080402&docId=459121614&answerNo=3&qb=7Iuk7JeF6riJ7Jes,
419,실업 급여,5,N,2024.12.30.,3,고용안정,,,직장생활을하다 퇴직했는데 F5 영주권을가진 외국인도 실업급여를 받을수있나요 가능합니다.,우주공(jk****),https://kin.naver.com/qna/detail.naver?dirId=6080401&docId=479737852&answerNo=1&qb=7Iuk7JeF6riJ7Jes,
420,직원간 싸움으로 인한 퇴사. 실업급여,20,N,2026.08.29.,3,고용보험,"동영상답변, 지식iN동영상답변",,그럼 실업급여를 받을수 있게 권고사직을 써달라했는데 그리되면 회사 불이익 받는 부분이 있어 못해주고 그냥 참고 일 계속하라고만 합니다. 하지만 저로선 도저히 일을...,,https://kin.naver.com/qna/detail.naver?dirId=6080402&docId=483023545&answerNo=3&qb=7Iuk7JeF6riJ7Jes,"직원간, 싸움으로, 인한"
421,미국 실업급여,7,N,2025.09.14.,3,미국,,,미국도 실업급여 제도가 있어요? 미국 실업급여 없지 않나요,,https://kin.naver.com/qna/detail.naver?dirId=9020201&docId=488796727&answerNo=3&qb=7Iuk7JeF6riJ7Jes,미국
422,"실업급여,퇴직금",8,N,2025.11.29.,3,"고용, 고용복지","실업급여, 퇴직금",,알바도 받을수있나요 받을수있으면 기준이 뭔가요?,,https://kin.naver.com/qna/detail.naver?dirId=60804&docId=490479144&qb=7Iuk7JeF6riJ7Jes,
423,실업급여 수급자격,9,N,2025.12.12.,3,고용보험,"실업급여, 수급자격신청",,실업급여 수급자격신청이 되든안되든 접수는 가능한가요? 접수는 됩니다.,,https://kin.naver.com/qna/detail.naver?dirId=6080402&docId=490741856&answerNo=2&qb=7Iuk7JeF6riJ7Jes,수급자격
424,실업급여받을수있나요?,11,N,2026.01.13.,3,고용보험,,,1960년 2월생 인데 올해 실업급여 받을 수 있나요? 올해. 입사는 제외됩니다 65세 까지 입니다,산야로(hans****),https://kin.naver.com/qna/detail.naver?dirId=6080402&docId=491330593&answerNo=1&qb=7Iuk7JeF6riJ7Jes,실업급여받을수있나요
425,건설일용직 실업급여,10,N,2026.01.14.,3,고용보험,,,일당이고 건설일용직은 매년마다 겨울마다 일수180일만채우면 실업급여 신청할수있나요? 있음,,https://kin.naver.com/qna/detail.naver?dirId=6080402&docId=491340687&answerNo=1&qb=7Iuk7JeF6riJ7Jes,건설일용직
426,실업급여 끝나고 취업했는데 따로 신청해야,22,Y,2026.02.03.,3,고용보험,,,취업신고 따로 해야하나요? 끝나고 취업한 건 굳이 알려주지 않아도 됩니다.,중서문하성낭사(nang****),https://kin.naver.com/qna/detail.naver?dirId=6080402&docId=491746352&answerNo=2&qb=7Iuk7JeF6riJ7Jes,"끝나고, 취업했는데, 따로, 신청해야"
427,실업급여 2차날..,10,N,2026.03.02.,3,"연애, 결혼",,,내일이 실업급여 2차날인데 수첩만 가져가면 되나요? 방문 안하고 인터넷으로 해도 되지 않나요?,메치니코프(psyg****),https://kin.naver.com/qna/detail.naver?dirId=80101&docId=492265468&answerNo=1&qb=7Iuk7JeF6riJ7Jes,2차날
428,실업급여 온라인특강 이거 들어도 돼나요?,22,N,2026.03.04.,3,고용보험,,,산업씽씽 수강 들어도 돼나요 실업급여는 처음은 집합교육들어야해요,유담(youn****),https://kin.naver.com/qna/detail.naver?dirId=6080402&docId=492294594&answerNo=1&qb=7Iuk7JeF6riJ7Jes,"온라인특강, 들어도, 돼나요"
429,실업급여일?,6,N,2026.03.10.,3,고용보험,,,인터넷으로 급여신청일 지방에서 핸드폰으로 해도 되나요? 국내 그 어디에서 실업인정 신청을 하는 것은 다 인정된다 하겠으니 안심하시기 바랍니다.,갈거미(kp****),https://kin.naver.com/qna/detail.naver?dirId=6080402&docId=492402158&answerNo=3&qb=7Iuk7JeF6riJ7Jes,
430,실업급여에 대하여,9,N,2026.03.11.,3,"취업 정책, 제도",,,이직확인서 신고 여부는 고용센터로 가야 신고완료 되나요???? 고용센터로 가보세요,메치니코프(psyg****),https://kin.naver.com/qna/detail.naver?dirId=40612&docId=492417672&answerNo=1&qb=7Iuk7JeF6riJ7Jes,"실업급여에, 대하여"
431,"상용직2년 +대리운전,탁송기사 90일이상했는",24,Y,2026.08.21.,3,고용보험,"실업급여, 실업급여수급자격, 실업급여조건",,2023년초까지 실업급여받은이력있습니다 2023년 10월부터 2025년 10월까지 회사 상용직 4대보험으로 근무후 자진퇴사했고 11월부터 3월30일까지 총 90일이상 대리운전...,,https://kin.naver.com/qna/detail.naver?dirId=6080402&docId=492730892&answerNo=3&qb=7Iuk7JeF6riJ7Jes,"상용직2년, 대리운전, 탁송기사, 90일이상했는"
432,실업급여 가능한가요?,11,N,2026.03.31.,3,고용보험,,,대학원을 가야해서 그만뒀는데 혹시 이것도 실업급여가 가능한가요? 자진퇴사이니 실업급여 불가합니다.,갈거미(kp****),https://kin.naver.com/qna/detail.naver?dirId=6080402&docId=492742009&answerNo=3&qb=7Iuk7JeF6riJ7Jes,
433,실업급여 4차,7,N,2026.05.04.,3,고용보험,,,"실업인정 4차는 방문으로 알고있는데 카톡으로 인터넷형이라고 방금 왔는데 이럼 안... 넵.!! 2차, 3차때와 마찬가지로 온라인으로 실업인정 신청을 하시면 됩니다.",갈거미(kp****),https://kin.naver.com/qna/detail.naver?dirId=6080402&docId=493248337&answerNo=3&qb=7Iuk7JeF6riJ7Jes,4차
434,실업급여계산이요,8,N,2026.05.19.,3,고용보험,,,실업급여 얼마나 나오게될까요? 정확한 금액은 나와봐야 알겠지만 최저금액은 28일기준 180만원 정도입니다.,,https://kin.naver.com/qna/detail.naver?dirId=6080402&docId=493472721&answerNo=1&qb=7Iuk7JeF6riJ7Jes,실업급여계산이요
435,실업급여 질문이요,9,N,2026.05.28.,3,고용보험,,,실업급여 오늘 2차 인정일이라 다녀왓는데요 담당자가 아무말 없엇던거면 잘된거겠죠? ㅠㅠ 넵.!! 아무 문제 없습니다. 실업급여는 오늘 아니면 내일 오전 중으로 지급될...,갈거미(kp****),https://kin.naver.com/qna/detail.naver?dirId=6080402&docId=493591535&answerNo=3&qb=7Iuk7JeF6riJ7Jes,질문이요
436,실업급여 1차,7,N,2026.06.05.,3,고용보험,,,1차 실업인정일 센터 방문 교육 가면 이것도 돈주나요? 1차는 센터 방문해서 교육후 서류작성후 인정받으면 8일치 실업급여가 지급됩니다. 요즘은 대부분 다음날 입금합니다~,가물치(h292****),https://kin.naver.com/qna/detail.naver?dirId=6080402&docId=493706087&answerNo=1&qb=7Iuk7JeF6riJ7Jes,1차
437,실업급여4차,6,N,2026.06.09.,3,고용보험,,,이력서 제출해야하는데 이력서 넣기만했고 이력서 열람만 했다고 뜨고 면접보러오라는 말은 없는데 이것도 이력서 제출로 쳐주는건가요? 빨리답장부탁드려요 ㅠ 넵.!...,갈거미(kp****),https://kin.naver.com/qna/detail.naver?dirId=6080402&docId=493759089&answerNo=3&qb=7Iuk7JeF6riJ7Jes,실업급여4차
438,실업급여 취업희망직종,11,N,2026.06.12.,3,고용보험,,,실업급여 신청서에 취업희망직종 몇번까지 바꿀수 있나요...아니면 직종변경은 상관없나요 희망지역 희망직종 등을 매번 수시로 바꾸는 것보다 추가로 설정하시는게...,갈거미(kp****),https://kin.naver.com/qna/detail.naver?dirId=6080402&docId=493822587&answerNo=3&qb=7Iuk7JeF6riJ7Jes,취업희망직종
439,실업급여 받는중 며칠 일하였습니다.신고하,22,Y,2026.06.23.,3,고용보험,,,"실업급여 받는중 입사를했다가 일이 맞지않아 6일 일하고 그만두었습니다 이럴경우 실업급여 수첩에 근로제공,소득발생기록일지가 있던데 여기에 적어 신고하면 나머지는...",산야로(hans****),https://kin.naver.com/qna/detail.naver?dirId=6080402&docId=494002074&answerNo=1&qb=7Iuk7JeF6riJ7Jes,"받는중, 며칠, 일하였습니다, 신고하"
440,실업급여 내년,7,N,2026.06.24.,3,고용보험,,,"실업급여는 최대 270일[9개월]까지만 지원됩니다. 질문상 내용으로,, 6개월만 근무면 비자발적 퇴사여도 피보험 단위기간이 180일에 미달되기 때문에 실업급여가...",갈거미(kp****),https://kin.naver.com/qna/detail.naver?dirId=6080402&docId=494022382&answerNo=2&qb=7Iuk7JeF6riJ7Jes,
441,실업급여 문의,7,N,2026.07.04.,3,고용보험,,,제가 3.3떼다가 일년뒤에 사대보험 들었는데 사대보험 든 시점으로 6개월일해야 실업급여 받을 수 있을까요? 얼마나 일했는데요,메치니코프(psyg****),https://kin.naver.com/qna/detail.naver?dirId=6080402&docId=494158944&answerNo=1&qb=7Iuk7JeF6riJ7Jes,
442,실업급여 신청,7,N,2026.07.04.,3,고용보험,,,"지금 시청에서 단기근무증인 있는 30대여성인데요, 지금 실업급여 신청할려고 하는데 가능할까요?? 1 시청 일하는 곳에서 가능하면 실업급여를 신청하라고 안내를 해줬을...",친정오라버니(kkin****),https://kin.naver.com/qna/detail.naver?dirId=6080402&docId=494159403&answerNo=1&qb=7Iuk7JeF6riJ7Jes,
443,실업급여 문의,7,N,2026.07.07.,3,고용보험,,,자진퇴사는 실업급여 못받고 그 이직 준비하거나 그러면은 실업급여 대상 되나요? 보통 비자발적 퇴사이거나 실업급여 조건에 해당되야 수급자격이 가능해요,푸른바다(pref****),https://kin.naver.com/qna/detail.naver?dirId=6080402&docId=494197582&answerNo=3&qb=7Iuk7JeF6riJ7Jes,
444,실업급여 일수,7,N,2026.07.08.,3,고용보험,,,"주6일 9시간 3월1일부터 4대보험 적용 몇월 몇일해야 실업급여 받을수 있나요? 근로계약서상 주6일 근무면 08. 31까지, 실제 주6일 근무면 09. 30까지가 가 피보험...",갈거미(kp****),https://kin.naver.com/qna/detail.naver?dirId=6080402&docId=494207535&answerNo=4&qb=7Iuk7JeF6riJ7Jes,
445,실업급여 질문,7,N,2026.07.08.,3,고용보험,,,제가 24.8.5일에 입사했는데 25.8.5일까지하면 딱 2년이라 계약만료처리하면 실급 수급 가능한가요? 계약직은 계약만료후 사업주가 계약연장 불가 통보를 해야 대상이 됩니다,신천옹(cjro****),https://kin.naver.com/qna/detail.naver?dirId=6080402&docId=494210892&answerNo=2&qb=7Iuk7JeF6riJ7Jes,
446,퇴사통보 실업급여,9,N,2026.08.27.,3,고용보험,"실업급여, 권고사직, 실업급여조건, 자진퇴사",,실업급여 처리가 가능한가요 제가 증거같은걸 입증 가능하다면 안녕하세요. 대전세종중기청 비즈니스지원단입니다. 문의주신 내용에 대하여 답변드립니다. 회사가 인정하지...,,https://kin.naver.com/qna/detail.naver?dirId=6080402&docId=494217085&answerNo=3&qb=7Iuk7JeF6riJ7Jes,퇴사통보
447,실업급여 인정,7,N,2026.07.13.,3,고용보험,,,8년 일하고 25년 3월 30일쯤 퇴사했습니다 그리고 현재 6월부터 12월까지 주 6일 일하는 계약직으로 입사하였는데 실업급여를 만료가 되면 얼마나 탈 수 있나요? 앞에 8년...,메치니코프(psyg****),https://kin.naver.com/qna/detail.naver?dirId=6080402&docId=494286982&answerNo=1&qb=7Iuk7JeF6riJ7Jes,인정
448,실업급여 질문드려요,10,N,2026.07.15.,3,고용보험,,,5년 근무한 직장 아파서 그만두고 10개월 쉬다가 계약직 2개월 근무하고 계약만료되었는데 실업급여 신청 가능한가요? 가능하면 서류가 뭐가 필요할까요? 계약만료로 퇴사면...,,https://kin.naver.com/qna/detail.naver?dirId=6080402&docId=494316648&answerNo=2&qb=7Iuk7JeF6riJ7Jes,질문드려요
449,실업급여 관련,7,N,2026.07.16.,3,고용보험,,,인정된 경우 최초 8일분이 지급되며 그 다음부터 재취업활동 진행 후 그 사실을 입증할때 마다 실업급여 지급된다 하겠습니다. 현재는 수급자격 심사 중[대기기간] .... 입니다.,갈거미(kp****),https://kin.naver.com/qna/detail.naver?dirId=6080402&docId=494335277&answerNo=3&qb=7Iuk7JeF6riJ7Jes,
450,실업급여 지급처리중이라고 뜨는데,17,N,2026.07.22.,3,"고용, 고용복지",,,아직 안들어왔네요 그러면 내일까지는 기다려야하는거죠? 실업인정 신청건에 있어 특별한 결격 사유가 없는 한 해당 인정일 다음날 오전 또는 오후 2시 이전에 지급될 것입니다.,갈거미(kp****),https://kin.naver.com/qna/detail.naver?dirId=60804&docId=494411244&answerNo=2&qb=7Iuk7JeF6riJ7Jes,"지급처리중이라고, 뜨는데"
451,실업급여 면접,7,N,2026.07.22.,3,고용보험,,,"다만, A, B 지원한 내역으로 실업인정 신청을 하시고 추후 한 곳에 면접 불참 등으로 인한 사유로 고용센터에서 경고 있을때 사실대로 설명드리면 되겠습니다.",갈거미(kp****),https://kin.naver.com/qna/detail.naver?dirId=6080402&docId=494415172&answerNo=3&qb=7Iuk7JeF6riJ7Jes,
452,실업급여 교육,7,N,2026.07.25.,3,"고용, 고용복지",,,실업교육을 들어야 하는데 1차는 온라인으로 듣고 2차부터는 어떻게 하는건가요? 자세히 좀 알려주세요 저희 아버지가 하실거고 만 65세 이상 및 장애인입니다. 또...,아정당 카드(ghdl****),https://kin.naver.com/qna/detail.naver?dirId=60804&docId=494452852&answerNo=1&qb=7Iuk7JeF6riJ7Jes,
453,1차 실업급여 인정일 교육,14,N,2026.07.28.,3,고용보험,,,교육안내 받고 1차 집체교육 받기전이라면 실업급여는 이미 신청되서 진행되고 있는 상황입니다. 피보험기간도 180일이상되니 실업급여가 신청된겁니다. 고용24시 들어가서...,가물치(h292****),https://kin.naver.com/qna/detail.naver?dirId=6080402&docId=494490162&answerNo=1&qb=7Iuk7JeF6riJ7Jes,"1차, 인정일"
454,실업급여 질문,7,N,2026.07.29.,3,고용보험,,,안녕하세요 이번에 실업급여 신청을 하는데 사진처럼 9월1일부터 6일까지 일한곳은 이직확인서가 필요없는걸로 예전에 물어봤을때 답변을 받았는데 고용센터에서 저 기간도...,갈거미(kp****),https://kin.naver.com/qna/detail.naver?dirId=6080402&docId=494510435&answerNo=3&qb=7Iuk7JeF6riJ7Jes,
455,실업급여 관련,7,N,2026.07.29.,3,고용보험,,,16만원에서 24만원 사이를 용돈으로 받고 있습니다 근로하지 않고요 그래도 부정수급이 될까요? 수급 중에 용돈을 받았다고 실업급여 부정수급으로 간주되지는 아니합니다.,갈거미(kp****),https://kin.naver.com/qna/detail.naver?dirId=6080402&docId=494513645&answerNo=3&qb=7Iuk7JeF6riJ7Jes,
456,국취제 1유형 후 실업급여,14,N,2026.07.30.,3,고용보험,"실업급여, 국취제",,현재 실업급여(소정근로일수 180일 이상)와 국취제 1유형 모두 대상자인데 만약 실업급여를 받게 된다면 120일만 수령이 가능하다고 합니다. 그래서 국취제 1유형(60만원) 2달...,웃음행복(dfwe****),https://kin.naver.com/qna/detail.naver?dirId=6080402&docId=494524825&answerNo=1&qb=7Iuk7JeF6riJ7Jes,"국취제, 1유형"
457,사업자 휴업/실업급여 받는 상태에서 세금계,23,Y,2026.08.02.,3,부가가치세,,,안녕하세요 사업자는 휴업상태이고 실업급여 받고있는 상태인데 세금계산서 발행 가능한가요…? 사업자는 휴업상태이고 실업급여 받고있는 상태인데 세금계산서 발행...,정현석 세무사(mast****),https://kin.naver.com/qna/detail.naver?dirId=40304&docId=494561456&answerNo=2&qb=7Iuk7JeF6riJ7Jes,"사업자, 휴업, 상태에서, 세금계"
458,실업급여 질문!!,9,N,2026.08.03.,3,고용보험,"실업급여, 실업급여질문, 실업급여질문드립니다, 실업급여자격",,이번에 처음으로 실업급여 받게 된 사람인데요~ 혹시 하면 안되는 행동이나 주의사항이 있다면 자세하게 알려주실 수 있을까요? 그리고 소득이 있으면 안된다 (?) 들었는데 제가...,갈거미(kp****),https://kin.naver.com/qna/detail.naver?dirId=6080402&docId=494568547&answerNo=3&qb=7Iuk7JeF6riJ7Jes,
459,실업급여 질운입니다,10,N,2026.08.03.,3,고용보험,,,안녕하세요 한업체에서 5개월 마지막 업체에서1개월 이렇게 근무했는데 마지막업체에서 퇴사시 실업급여 해줄까오? 걱정입니다 고용보험은 연장해서 이어왔습니다 6개월...,갈거미(kp****),https://kin.naver.com/qna/detail.naver?dirId=6080402&docId=494568641&answerNo=3&qb=7Iuk7JeF6riJ7Jes,질운입니다
460,실업급여 관련질문,9,N,2026.08.03.,3,고용보험,"실업급여, 실업급여조건, 실업급여수급자격",,이 경우에 실업급여 기준을 충족하는건지 궁금합니다! 계약일수가 아닌 근무일수 및 유급일수[이하 피보험단위기간]가 180일 이상이어야 합니다. 통상적으로 주5일 근무인...,갈거미(kp****),https://kin.naver.com/qna/detail.naver?dirId=6080402&docId=494581780&answerNo=2&qb=7Iuk7JeF6riJ7Jes,관련질문
461,일용근로자 실업급여,10,N,2026.09.01.,3,고용보험,,,1.일용근로자로 고용보험 가입되어있는데 일용근로자도 이직확인서가 필요한가요? 아니면 근로내용확인서만 필요한가요? 2.일용근로자가 근로내용확인서만...,,https://kin.naver.com/qna/detail.naver?dirId=6080402&docId=494582843&answerNo=3&qb=7Iuk7JeF6riJ7Jes,일용근로자
462,실업급여 수급중 이직후 다시퇴사,17,N,2026.08.07.,3,"고용, 고용복지",,,실업급여 수급중 다른 직장에 이직을 했는데 자의적으로 그만두게 될 경우에도 실업급여 받던거 이어서 받을수 있다고 들었는데 맞나요 맞다면 몇달안에 그만두는 규정이...,,https://kin.naver.com/qna/detail.naver?dirId=60804&docId=494630981&answerNo=2&qb=7Iuk7JeF6riJ7Jes,"수급중, 이직후, 다시퇴사"
463,실업급여 구직활동,9,N,2026.08.07.,3,고용보험,,,필수더라구요 실업급여 신청 때까지 신입무관/1년인데 있음 넣을 거고 공고가 더 안 올라오면 일단 저기 중에 해도 문제가 없을까요? 보통 이력서 넣을때 경력 1년 정도는...,,https://kin.naver.com/qna/detail.naver?dirId=6080402&docId=494632316&answerNo=1&qb=7Iuk7JeF6riJ7Jes,
464,실업급여 서류,7,N,2026.08.07.,3,고용보험,,,1. 회사에 요청할 서류가 이직확인서 말고 더 있을까요? 2. 전 직장만으로 피보험단위기간 180일이 채워지지 않아서 전전 직장에도 필요한 서류 있을까요? 1. 없습니다. 2....,갈거미(kp****),https://kin.naver.com/qna/detail.naver?dirId=6080402&docId=494641547&answerNo=3&qb=7Iuk7JeF6riJ7Jes,
465,실업급여 취업,7,N,2026.08.10.,3,"생산, 기술",,,"경우에 따라 다르겟지만 실업급여 받았다가 취업하는사람 회사에서 싫어하나요? 이전 회사에 얼마나 있었냐에 따라 다릅니다. 직종에 따라 편차는 있겠지만, 1~2년 다니다가...",,https://kin.naver.com/qna/detail.naver?dirId=40609&docId=494677245&answerNo=1&qb=7Iuk7JeF6riJ7Jes,
466,실업급여 퇴직?,8,N,2026.08.10.,3,고용보험,,,7월말일에 일용직 그만두고 다시 어제 8월9일에 다시 일을한번 나갔는데 퇴사절차 다시 해야되나요? 쿠팡다닙니다 안해도 될거 같아요,메치니코프(psyg****),https://kin.naver.com/qna/detail.naver?dirId=6080402&docId=494677521&answerNo=1&qb=7Iuk7JeF6riJ7Jes,
467,실업급여 관련,7,N,2026.08.11.,3,고용보험,,,실업급여 신청을 위해 고용센터 방문전 사전 고용24홈페이지 통해 구직신청+수급자격 신청자 온라인 교육 이수완료 하니 수급자격 신청서 인터넷 제출 화면이 나왔는데 하단...,갈거미(kp****),https://kin.naver.com/qna/detail.naver?dirId=6080402&docId=494692272&answerNo=3&qb=7Iuk7JeF6riJ7Jes,
468,쿠팡 일용직 실업급여,11,N,2026.08.11.,3,고용보험,"실업급여, 쿠팡일용직, 퇴사, 쿠팡실업급여",,정규직 22년 10월 19일~ 26년 7월 24일 자발적퇴사 쿠팡 일용직으로 8-9번 일한 후 실업급여를 받을 수 있을까요??? 자발적 퇴사 이후 일용근로로 최소 90일 이상 근무한...,갈거미(kp****),https://kin.naver.com/qna/detail.naver?dirId=6080402&docId=494696304&answerNo=3&qb=7Iuk7JeF6riJ7Jes,
469,실업급여 가능한가요?,11,N,2026.08.12.,3,고용보험,"실업급여수급자격, 실업급여, 실업급여신청, 실업급여조건, 실업급여조건자격",,"A회사 재직기간 2023.10.1 ~ 2026.3.31 (자진퇴사) B회사 재직기간 2026.4.1 ~ 2026.10.31(해고) 2개회사 연계로하면 실업급여 받을 수 있을까요? 안녕하세요 우선 답변드리면, 네...",,https://kin.naver.com/qna/detail.naver?dirId=6080402&docId=494708664&answerNo=3&qb=7Iuk7JeF6riJ7Jes,
470,실업급여 받을 때,9,N,2026.08.12.,3,고용보험,"고용복지센터, 고용노동부, 고용, 실업급여, 청년문화, 청년, 청년문화예술패스",,실업급여 받을 때 나라에서 해주는 지원금 받아도 되나요? 예를 들면 청년문화예술패스요! 해도 되는 건가요??? 실업급여 받을 당시 청년문화예술패스 신청하고 혜택을 받으셔도...,하선생(pkpk****),https://kin.naver.com/qna/detail.naver?dirId=6080402&docId=494712739&answerNo=1&qb=7Iuk7JeF6riJ7Jes,받을
471,실업급여 금액,7,N,2026.08.27.,3,고용보험,"실업급여, 실업급여금액",,안녕하세요 실업급여 준비 중인데 이직확인서에서 평균임금 71.739원이면 얼마정도인가여! 안녕하세요! 실업급여 준비하시느라 궁금한 점이 많으실 것 같아요. 문의하신...,와우(lieb****),https://kin.naver.com/qna/detail.naver?dirId=6080402&docId=494717700&answerNo=3&qb=7Iuk7JeF6riJ7Jes,
472,실업급여 받을수있는지 궁금해요,16,N,2026.08.13.,3,고용보험,,,이번년도 4월 20일부터 현재까지 건설현장 일용직으로 근무를 하고있습니다 작년9월부터 2월까지 상용직 근무이력 있구요 10월 31일정도에 공사기간 종료로 실업급여를...,,https://kin.naver.com/qna/detail.naver?dirId=6080402&docId=494719172&answerNo=2&qb=7Iuk7JeF6riJ7Jes,받을수있는지
473,실업급여 취업,7,N,2026.08.13.,3,"직업, 취업",,,"경우에 따라 다르겟지만 실업급여 받았다가 취업하는사람 회사에서 싫어하나요? 실업급여 받는걸ㅡ회사에서.싫어할.이유가.없습니다 .개인의 선택인데요 다만 업무, 커리어...",고사관수도(a880****),https://kin.naver.com/qna/detail.naver?dirId=406&docId=494722937&answerNo=1&qb=7Iuk7JeF6riJ7Jes,
474,실업급여 수급 중 취업,12,N,2026.08.14.,3,고용보험,,,"이렇게 하면 18일 전날까지의 미지급된 구직급여를 정산해서 받을 수 있습니다. 실업인정 신청을 잘못 하면 부정수급 문제가 생길 수 있으니, 당일에는 신청서를 전송하지 않는...",,https://kin.naver.com/qna/detail.naver?dirId=6080402&docId=494736620&answerNo=1&qb=7Iuk7JeF6riJ7Jes,
475,실업급여 문의,7,N,2026.08.15.,3,고용보험,,,5시간 입니다 실업급여를 받게 된다면 하루 얼마 나오고 한달이면 얼마나 받게 되나요?? 물놀이 계약직이 주5일 근무형태로 6.5시간 근무라면 실업급여 받게 될 경우...,갈거미(kp****),https://kin.naver.com/qna/detail.naver?dirId=6080402&docId=494746219&answerNo=3&qb=7Iuk7JeF6riJ7Jes,
476,실업급여 7차가 마지막인데요,15,N,2026.08.16.,3,고용보험,,,"근데 8차까지 받는분도 있는데 무슨차이인지 알수 있을까요 ? ? ! 산정된 소정급여일수가 다를 경우, 소정급여일수가 동일해도 실업인정일수를 달리 지정한 경우 정도이겠습니다.",갈거미(kp****),https://kin.naver.com/qna/detail.naver?dirId=6080402&docId=494748574&answerNo=3&qb=7Iuk7JeF6riJ7Jes,"7차가, 마지막인데요"
477,실업급여..,6,N,2026.08.16.,3,"노동 정책, 제도",실업급여,,실업급여 사장이 근로시간이 7시간 6:30인데 5시간으로 적어냈는데 이거 돈에 영향있는게 맞죠? 그만둔지 7개월이라 다시 연락하기도 껄그럽고 마지막에 서로 개같이 나와서...,,https://kin.naver.com/qna/detail.naver?dirId=60805&docId=494760829&answerNo=1&qb=7Iuk7JeF6riJ7Jes,
478,실업급여 희망직종 외 면접?,15,N,2026.08.17.,3,"취업 정책, 제도",,,"실업급여 수급 시 워크넷에 등록한 희망직종은 말 그대로 본인이 선호하는 분야를 적어둔 것일 뿐, 반드시 그 직종으로만 구직활동을 해야 한다는 강제성은 없습니다....",,https://kin.naver.com/qna/detail.naver?dirId=40612&docId=494768537&answerNo=2&qb=7Iuk7JeF6riJ7Jes,희망직종
479,실업급여 받는데 해외 나갔다와도 되나요?,22,N,2026.08.17.,3,고용보험,,,실업급여를 지금 받고 있는데요. 7일정도 해외를 나가려고 하는데요 해외 다녀와도되나요? 해외 나가는동안 구직활동 제출할것도 없고 이번닿 취업 구직활동 건수는 다...,,https://kin.naver.com/qna/detail.naver?dirId=6080402&docId=494778041&answerNo=2&qb=7Iuk7JeF6riJ7Jes,"받는데, 나갔다와도"
480,촉탁직 실업급여 관련 문의,14,N,2026.08.18.,3,고용보험,촉탁계약직,,제가 실업자 된다면 고용보험 실업자 급여 받을수있는지요 20년부터 약 5년간... 있는데 실업급여 수급할 수 있나요?가 질문의 요지입니다. ◆ 질문에 대한 답변 1. 실업급여...,최창국공인노무사(cc37****),https://kin.naver.com/qna/detail.naver?dirId=6080402&docId=494787043&answerNo=2&qb=7Iuk7JeF6riJ7Jes,촉탁직
481,계약기간 몇일전 퇴사 실업급여 질문,19,N,2026.08.18.,3,고용보험,,,계약만료일 몇일전 몸이안좋아서 사측 합의하에 퇴사하게되면 실업급여 지급이 어려울까요? 안녕하세요. 한국공인노무사회-네이버 지식iN 상담 공인노무사 최우정 입니다....,,https://kin.naver.com/qna/detail.naver?dirId=6080402&docId=494790630&answerNo=2&qb=7Iuk7JeF6riJ7Jes,"계약기간, 몇일전"
482,실업급여 신청 질문이여,12,N,2026.08.18.,3,고용보험,,,실업급여 신청하려고 하는데 제가 개인사업자가 있어요 개인사업자는 안쓴지 오래되서 수입없고요 실업급여 신청하려는데 개인사업자 그냥 둬도되나요? 아니면 폐업신청...,최창국공인노무사(cc37****),https://kin.naver.com/qna/detail.naver?dirId=6080402&docId=494793077&answerNo=3&qb=7Iuk7JeF6riJ7Jes,질문이여
483,실업급여 단기,7,N,2026.08.19.,3,고용보험,,,실업급여를 받을 수 있을까요? 받을 수 있다면 계약 만료로 되는 건지 질병으로 되는 건지 알고 싶어요. 전 직장이 자진퇴사라면 못 받습니다. 자진퇴사 후에는 반드시...,,https://kin.naver.com/qna/detail.naver?dirId=6080402&docId=494799640&answerNo=2&qb=7Iuk7JeF6riJ7Jes,
484,1차 실업급여 질문좀,11,Y,2026.08.19.,3,고용보험,,,회사가 힘들어서 퇴사때 실업신청을 했고 지난달에... 센터 방문없이 온라인으로 실업인정 신청 가능하다면 그렇게 하셔도 되고 그게 불가하다면 센터 가시어 실업인정...,갈거미(kp****),https://kin.naver.com/qna/detail.naver?dirId=6080402&docId=494801640&answerNo=3&qb=7Iuk7JeF6riJ7Jes,"1차, 질문좀"
485,실업급여 4차,7,N,2026.08.20.,3,"고용, 고용복지",실업급여,,알바몬으로 지원하고 취업활동 증명서랑 모집공고 지원내역 프린트해서 실업인정일 당일에 가져가면 되는 거 맞나요?? 따로 더 필요한 거 있을까요? 넵.!! 구직활동 내역...,갈거미(kp****),https://kin.naver.com/qna/detail.naver?dirId=60804&docId=494807331&answerNo=2&qb=7Iuk7JeF6riJ7Jes,4차
486,월급 350만원 실업급여 상한액 받을 수 있나요,26,Y,2026.08.20.,3,고용보험,,,"현재 월급이 350만원 입니다 권고사직 예정인데 상한액 68,100원 받을 수 있나요? 상한액 68,100원으로 산정될 경우에는 이직전 3개월간의 월 평균 임금이 370[세전]...",갈거미(kp****),https://kin.naver.com/qna/detail.naver?dirId=6080402&docId=494810408&answerNo=2&qb=7Iuk7JeF6riJ7Jes,"월급, 350만원, 받을"
487,실업급여 얼마 나오나요?,13,N,2026.08.20.,3,고용보험,,,"월 299만원이면 2026년 기준 실업급여는 상한액이 적용되어 하루 68,100원 정도입니다. 11년 가입 기준으로 50세 미만이면 240일, 50세 이상이면 270일 지급됩니다....",,https://kin.naver.com/qna/detail.naver?dirId=6080402&docId=494814723&answerNo=2&qb=7Iuk7JeF6riJ7Jes,"얼마, 나오나요"
488,일용직 실업급여,8,N,2026.09.01.,3,고용보험,"실업급여, 실업",,"쿠팡 일용직 근무 이력으로 실업급여를 신청하려고 하는데, 급여 산정 기간과 관련하여 궁금한 점이 있어 문의드립니다. 그동안 쿠팡에서 주로 심야숏(약 4시간 30분...",,https://kin.naver.com/qna/detail.naver?dirId=6080402&docId=494819863&answerNo=4&qb=7Iuk7JeF6riJ7Jes,
489,저 실업급여 받을수 있나요?,15,N,2026.08.20.,3,고용보험,"실업급여, 실업급여조건",,"*1) 제가 B회사 계약만료로 퇴직후에 바로 해외출국이 예정되어있어서, 바로 실업급여를 신청 못하고 내년 27년 7월도에 신청해도 괜찮을까요? *2) 1년 근무여도...",갈거미(kp****),https://kin.naver.com/qna/detail.naver?dirId=6080402&docId=494822302&answerNo=3&qb=7Iuk7JeF6riJ7Jes,받을수
490,실업급여 산정금액,9,N,2026.08.20.,3,고용보험,,,이번에 이직확인서를 받으면서 처음에 8시간으로 작성된 근로계약서가 그대로 제출된걸 알았는데 실업급여 대기기간인데 담당자에게 상황설명을하면 수정이 될까요?...,갈거미(kp****),https://kin.naver.com/qna/detail.naver?dirId=6080402&docId=494823363&answerNo=3&qb=7Iuk7JeF6riJ7Jes,산정금액
491,실업급여 1년,7,N,2026.08.21.,3,"고용, 고용복지",,,26년 4월 3일부터 근무해서 1년 이상이 되서 실업급여를 수령할려면 며칠까지 일해야 되나요? 2027. 04. 02까지 근무여야 딱 만1년이니 최소 이 날까지 근무여야 하겠습니다.,갈거미(kp****),https://kin.naver.com/qna/detail.naver?dirId=60804&docId=494826698&answerNo=2&qb=7Iuk7JeF6riJ7Jes,1년
492,실업급여4차 문의드립니다,13,N,2026.08.21.,3,고용보험,,,구직외활동 취업동영상으로2회다 썻구요 이제4차하는데 구직활동1회는 꼭 해야된다고하는데 동영상 2회 구직외활동 다쓰면 구직활동2회 해야되는건가요? 아니면...,갈거미(kp****),https://kin.naver.com/qna/detail.naver?dirId=6080402&docId=494826858&answerNo=2&qb=7Iuk7JeF6riJ7Jes,"실업급여4차, 문의드립니다"
493,실업급여 해외여행,9,N,2026.08.21.,3,고용보험,,,2차 인정기간 중 해외 여행 일정에 있어 국내에 있을때 재취업활동 1건 진행 및 2차 인정일에 실업인정 신청을 하시면 되므로 그 이외의 날에 여행은 실업급여 받는데 있어...,갈거미(kp****),https://kin.naver.com/qna/detail.naver?dirId=6080402&docId=494827004&answerNo=2&qb=7Iuk7JeF6riJ7Jes,
494,실업급여 받는법이나 받을수있나요?,18,N,2026.08.21.,3,고용안정,,,하는데 실업급여 가능 및 받는 방법 여쭤보려고 지식인에 물어봅니다 실업 급여 신청에는 자격 요건이 있는데요. 우선 가장 중요한 것이 자발적 퇴사가 아니어야 합니다. 물론...,,https://kin.naver.com/qna/detail.naver?dirId=6080401&docId=494829311&answerNo=3&qb=7Iuk7JeF6riJ7Jes,"받는법이나, 받을수있나요"
495,"국취제, 실업급여",9,N,2026.08.21.,3,"고용, 고용복지",,,"계약직이여도 실업급여 조건은 충족하는데 실업급여 신청을 하고 취업지원(지원금받지 않고 상담,일자리연계등)만 따로 받을 수 있는 제도가 있을까요?...",,https://kin.naver.com/qna/detail.naver?dirId=60804&docId=494830548&answerNo=3&qb=7Iuk7JeF6riJ7Jes,국취제
496,실업급여 받을 수 있는지 궁금합니다. 부탁드,24,Y,2026.08.21.,3,"고용, 노동",,,실업급여 신청시 3개월간 치료및 일 할 수 있다.는 소견이 필요하다 합니다. 4. 저는 3개월을 기다릴수 없는 상황이라서 실업급여가 필요하여 1개월 이상 단기 계약 일을 구해서...,,https://kin.naver.com/qna/detail.naver?dirId=608&docId=494831100&answerNo=1&qb=7Iuk7JeF6riJ7Jes,"받을, 있는지, 궁금합니다, 부탁드"
497,실업급여 문의,7,N,2026.08.22.,3,고용보험,,,4개월 동안 온갖 스트레스는 줬으면서ㅜ 실업급여 신청하고 싶은데 그 전 회사도 포함이 되나요? 될걸용. 걱정되면 1350으로 전화해서 문의하면 되는지 안되는지 봐주세용....,,https://kin.naver.com/qna/detail.naver?dirId=6080402&docId=494839751&answerNo=1&qb=7Iuk7JeF6riJ7Jes,
498,개인사업자 실업급여,10,N,2026.08.22.,3,"고용, 고용복지",,,개인사업자인데요 휴업하고 실업급여 신청할 수 있ㄴ나요? 폐업 말고 휴업이요 폐업하기에는 오래 운영해서 어려운 상황입니다... 안녕하세요. 개인사업자가 「자영업자...,코웨이 이팀장(roya****),https://kin.naver.com/qna/detail.naver?dirId=60804&docId=494844348&answerNo=1&qb=7Iuk7JeF6riJ7Jes,개인사업자
499,실업급여 안받고 싶어요,12,N,2026.08.23.,3,고용보험,,,"실업급여 중도 해제? 구직활동 구하는 것도 너무 스트레스 받고, 대면으로 가서 하는 것도 스트레스 받는데 중지하려면 그냥 구직활동 한거 안올려도 되는거죠? 따로...",신은총 노무사(cpla****),https://kin.naver.com/qna/detail.naver?dirId=6080402&docId=494853616&answerNo=3&qb=7Iuk7JeF6riJ7Jes,안받고
500,쿠팡 실업급여,7,N,2026.08.23.,3,고용보험,"실업급여, 일용직",,채워서 실업급여를 신청하려고 하는데 고용보험에 3개월은 일용 그 뒤에는 상용으로 등록이 되어있어서요 이 경우 저는 상용+일용으로 신청을 해야 하나요? 일용으로...,지식왕(rale****),https://kin.naver.com/qna/detail.naver?dirId=6080402&docId=494853669&answerNo=1&qb=7Iuk7JeF6riJ7Jes,
501,임금체불 실업급여,9,N,2026.08.23.,3,"고용, 고용복지",,,"8/10일 월급 미지금 9/10일 월급도 미지급이면 7,8월 월급을 못받는건데 미납일수는 8/10~9/10 30일 입니다 이런경우도 자진퇴사시 실업급여 해당되나요? 질문하신 경우라면 9월...",,https://kin.naver.com/qna/detail.naver?dirId=60804&docId=494856026&answerNo=3&qb=7Iuk7JeF6riJ7Jes,임금체불
502,실업급여를 받을수있을까요?,14,N,2026.08.23.,3,고용보험,,,"실업급여는 이미 1번 받은적이 있습니다. 자격은 될까요? 지금 상황에서는 실업급여를 받을 수 없습니다. 이유는 단 하나, 3.3% 프리랜서 형태로 일한 기간은 고용보험 가입이...",빛과소금(inte****),https://kin.naver.com/qna/detail.naver?dirId=6080402&docId=494857115&answerNo=2&qb=7Iuk7JeF6riJ7Jes,받을수있을까요
503,실업급여 금액,7,N,2026.08.23.,3,고용보험,,,그러면 제가 한번도 실업급여를 신청하거나 받지 않으면 계속 그 금액은 어떻게 되나요? 실업급여를 신청 안했으면 못받는거죠 신청 해야 받는건데,메치니코프(psyg****),https://kin.naver.com/qna/detail.naver?dirId=6080402&docId=494857448&answerNo=1&qb=7Iuk7JeF6riJ7Jes,
504,"실업급여 적립,받기",10,N,2026.08.23.,3,고용보험,,,그러면 제가 한번도 실업급여를 신청하거나 받지 않으면 계속 그 금액은 누적 되나요? 그리고 제가 실업급여를 받으려면 어떻게 해야될까요? 참고로 마지막퇴사를...,,https://kin.naver.com/qna/detail.naver?dirId=6080402&docId=494858388&answerNo=3&qb=7Iuk7JeF6riJ7Jes,"적립, 받기"
505,실업급여 4차 일반수급자 질문,16,N,2026.08.24.,3,고용보험,,,안녕하세여 질문자분의 질문에 답변드립니다^;^ 질문자분께서 실업급여 신청하여 지원받고 계신것 으로 보입니다 4차실업인정 대기기간중 구직활동 하고자 하시면 고용24...,,https://kin.naver.com/qna/detail.naver?dirId=6080402&docId=494863067&answerNo=1&qb=7Iuk7JeF6riJ7Jes,"4차, 일반수급자"
506,실업급여 수급과 조기재취업수당 이직,19,N,2026.08.25.,3,고용보험,,,저희 어머니가 실업급여 수급중에 조기재취업수당 조건이 되는 기간에 취직을 했고 현재 근무지가 너무 힘이들어 같은 업체의 다른 근무지로 이직을 하게되었습니다 어머니는...,,https://kin.naver.com/qna/detail.naver?dirId=6080402&docId=494868536&answerNo=3&qb=7Iuk7JeF6riJ7Jes,"수급과, 조기재취업수당"
507,이사통근곤란 실업급여 인정,14,N,2026.08.24.,3,고용보험,"실업급여, 노무상담, 도와주세요ㅠㅠ, 통근곤란퇴사, 통근곤란실업급여",,"이사하고 전입신고 후에 이사한 곳 고용 센터 가서 통근곤란으로 실업급여를 신청 할 예정인데, 퇴사 후에 이사를 가도 통근곤란으로 실업급여를 받을 수가 있을까요? 통근...",낡은 늑대(yi****),https://kin.naver.com/qna/detail.naver?dirId=6080402&docId=494869320&answerNo=3&qb=7Iuk7JeF6riJ7Jes,"이사통근곤란, 인정"
508,최저시급 미지급으로 퇴사 후 실업급여 신청,23,Y,2026.08.24.,3,고용보험,"고용보험실업급여, 고용보험미가입, 고용보험, 실업급여, 실업급여고용보험, 실업급여조건, 실업급여수급자격",,하고 실업급여 신청을 해야할까요? 안녕하세여 질문자분의 질문에 답변드립니다^;^ 질문자분께서 주5일기준 하루5시간 실제로 7시간 식 근로를 하고 계신것으로 보입니다...,,https://kin.naver.com/qna/detail.naver?dirId=6080402&docId=494871299&answerNo=2&qb=7Iuk7JeF6riJ7Jes,"최저시급, 미지급으로"
509,실업급여 소정 근로시간,12,N,2026.08.24.,3,고용보험,,,주 6일 근무하고 월요일 휴무 화수목은 5시간 금토일은 8시간 일하는데 실업급여를 받을려면 소정 근로시간이 몇시간으로 계산 되나요? 실업급여 조건 충족 매번 똑같이...,코웨이 이팀장(roya****),https://kin.naver.com/qna/detail.naver?dirId=6080402&docId=494873652&answerNo=1&qb=7Iuk7JeF6riJ7Jes,"소정, 근로시간"
510,실업급여 재신청,8,N,2026.08.24.,3,고용보험,"실업급여, 실업급여재",,4년 일한 직장을 그만두게 되어서 실업급여 신청해놓고 취소했다가 짧게 한달정도 다른 일자리를 다닌 이후 자진퇴사 하면 받게되는 불이익이나 실업급여 금액에 큰 차이가...,최창국공인노무사(cc37****),https://kin.naver.com/qna/detail.naver?dirId=6080402&docId=494877000&answerNo=2&qb=7Iuk7JeF6riJ7Jes,재신청
511,무기계약직으로 갱신해준데요(내 실업급여ㅠ,22,Y,2026.08.25.,3,고용보험,,,챙기고 실업급여 수급를 간절히 원합니다 퇴사후에 바로 일용직으로 90일 근로를하면 현 회사 90일과 연동되 실업급여 수급 받을수있죠?. 일용직 90일은 유급일수인거죠?...,최창국공인노무사(cc37****),https://kin.naver.com/qna/detail.naver?dirId=6080402&docId=494879999&answerNo=3&qb=7Iuk7JeF6riJ7Jes,"무기계약직으로, 갱신해준데요"
512,"실업급여 받지못하는데, 실업급여를 내는 이",23,Y,2026.08.25.,3,고용보험,실업급여,,"안녕하세요~ 실업급여를 받지못하는 조건을 갖고 있는데요... ( 부동산임대업자 사업자등록증을 갖고있는데, 직장에서 그만두게 되면, 실업급여를 받지 못하는 내용을 전달...",코웨이 이팀장(roya****),https://kin.naver.com/qna/detail.naver?dirId=6080402&docId=494882074&answerNo=1&qb=7Iuk7JeF6riJ7Jes,"받지못하는데, 내는"
513,실업급여질문,6,N,2026.08.25.,3,고용보험,"실업급여수급자격, 실업급여, 실업",,이럴경우 실업급여 수급을 받을수있는지 궁금하구요 필요한 서류나 어떻게 신청하는지도 궁금합니다 직전 18개월 이내에 다른 근무이력이 없다면 현재 근무조건만 봤을 때...,종합도우미(boy8****),https://kin.naver.com/qna/detail.naver?dirId=6080402&docId=494882352&answerNo=1&qb=7Iuk7JeF6riJ7Jes,실업급여질문
514,실업급여 180일 충족되는지 확인 부탁드리겠,24,Y,2026.08.25.,3,고용보험,,,3월 - 7월까지 약5개월의 고용보험가입기간 + 현 근무지에서의 고용보험가입기간 약7개월로서 실업급여 신청요건 중 고용보험가입기간 180일을 충족합니다....,,https://kin.naver.com/qna/detail.naver?dirId=6080402&docId=494882688&answerNo=3&qb=7Iuk7JeF6riJ7Jes,"180일, 충족되는지, 부탁드리겠"
515,실업급여 여부,7,N,2026.08.25.,3,"고용, 고용복지",,,혹시 이런 경우에는 실업급여를 아예 못 받을까요? 같은 회사에서 어떤분은 1년하고 나갔는데 실업급여 받았다는 사람도 있어서요… 손목이랑 허리로 의사 소견서...,,https://kin.naver.com/qna/detail.naver?dirId=60804&docId=494883886&answerNo=3&qb=7Iuk7JeF6riJ7Jes,
516,실업급여 산정 기준 및 환수에 대해서 궁금합,24,Y,2026.08.25.,3,고용보험,,,"실업급여를 1회차를 받았고, 2회차는 내일 받습니다. 3회차 지급일이 9월 23일 인데, 제가 9월 1일부터 반도체 배관 조공으로 일을 시작하게 됩니다. 급여는 10월 20일에...",,https://kin.naver.com/qna/detail.naver?dirId=6080402&docId=494884195&answerNo=1&qb=7Iuk7JeF6riJ7Jes,"산정, 환수에, 대해서, 궁금합"
517,실업급여 4차 질문,10,N,2026.08.25.,3,고용보험,,,9월7일날에 3차가끝나고 9월28일이 4차입니다 추석이포함되어있는데 9월10일날 심리검사하고 9월24일 워크넷 지원 이런식으로하면될까여? 아니면 26일 27일...,,https://kin.naver.com/qna/detail.naver?dirId=6080402&docId=494884331&answerNo=1&qb=7Iuk7JeF6riJ7Jes,4차
518,실업급여 얼마받나요,10,N,2026.08.25.,3,고용보험,,,"주5일 8시간씩 시급 11000원으로 받는다면 어떻게적용되나요? 1. 실업급여 = 소정급여일수 120일 X 지급일액 24,768원 2. 실업급여 = 소정급여일수 120일 X 지급일액 66,048원",갈거미(kp****),https://kin.naver.com/qna/detail.naver?dirId=6080402&docId=494889700&answerNo=2&qb=7Iuk7JeF6riJ7Jes,얼마받나요
519,실업급여 해외여행,9,N,2026.08.26.,3,고용보험,,,제가 11월에 해외여행이 계획되어 있는데 그때 실업인정일이 11월 13일이거든요.... 상관없이 실업인정일에만 국내에 있으면 괜찮나요? 만약 실업인정일이랑 겹치게 되면...,갈거미(kp****),https://kin.naver.com/qna/detail.naver?dirId=6080402&docId=494892141&answerNo=3&qb=7Iuk7JeF6riJ7Jes,
520,단시간 근무자 실업급여 기간에 포함여부,21,N,2026.08.26.,3,고용보험,,,지금 현재 주6일 하루 2시간 근무하고 있는데 나중에 실업급여 산정시 기간에 포함되나요 또한 이 직장을 그만두고 다른회사에 주40시간 근무 하다가 퇴직하게 되면 주6일...,,https://kin.naver.com/qna/detail.naver?dirId=6080402&docId=494903108&answerNo=1&qb=7Iuk7JeF6riJ7Jes,"단시간, 근무자, 기간에, 포함여부"
521,실업급여 받을때 알바.,12,N,2026.08.27.,3,고용보험,,,제가 26년10월까지 실업급여를 받고 있는데 지인 회사에서 6월.7월.8월 주3회 알바 회사 알바 등록 없이 지인이 일당은 현금으로(세금X) 혹시 문제가 될까요? 넹.. 걸리면 님이...,,https://kin.naver.com/qna/detail.naver?dirId=6080402&docId=494909275&answerNo=1&qb=7Iuk7JeF6riJ7Jes,받을때
522,실업급여..,6,N,2026.08.27.,3,고용보험,,,일하다가문제가생겨일을못하게되어서실업급여신청하려하는데처음신청하는데몇달지급받을을수있을까요 안녕하세요. 한국공인노무사회-네이버 지식iN 상담 공인노무사...,공인노무사 신제철(cpla****),https://kin.naver.com/qna/detail.naver?dirId=6080402&docId=494910937&answerNo=2&qb=7Iuk7JeF6riJ7Jes,
523,실업급여 지격,7,N,2026.08.27.,3,"인사, 조직 관리","검색질문, 통합검색궁금증, 통합검색질문하기, PAYPER, 페이퍼, 근무",,"주 3일, 1주에 총 12시간 정도 근무하셨고 2021년 7월부터 2026년 9월까지 계속 근무하셨다면, 근무기간은 실업급여 요건을 확인하기에 충분해 보입니다. 다만 실업급여는...",PAYPER 페이퍼(mypa****),https://kin.naver.com/qna/detail.naver?dirId=40403&docId=494911924&answerNo=2&qb=7Iuk7JeF6riJ7Jes,지격
524,면접수당 실업급여 중복 수급 문의,18,N,2026.08.27.,3,고용보험,,,1월까지 실업급여를 받을 예정입니다. 실업급여 수급기간에 면접을 본게 아니니 2026년 1월에 대한 면접 수당도 신청 가능한지 궁금합니다. 안녕하세여 질문자분의 질문에...,,https://kin.naver.com/qna/detail.naver?dirId=6080402&docId=494912556&answerNo=1&qb=7Iuk7JeF6riJ7Jes,"면접수당, 중복"
525,육아휴직 종료 후 실업급여 질문 드립니다,22,N,2026.08.27.,3,고용보험,,,육아휴직 종료 후 육아로 인한 퇴사 시 실업급여 수급 가능 여부가 궁금합니다. 조부모의 고령과 건강으로 아기돌봄이 어려워 실업급여신청을 했다가 외조부모의 도움으로...,김정식 노무사(ckla****),https://kin.naver.com/qna/detail.naver?dirId=6080402&docId=494912795&answerNo=3&qb=7Iuk7JeF6riJ7Jes,"육아휴직, 종료, 드립니다"
526,실업급여 해당사항,9,N,2026.08.27.,3,고용보험,,,이제 복학 해야 해서 사장님께 실업급여 서류를 부탁드렸는데 4대보험 미가입으로 실업급여 대상 해당이 안된다고 합니다. 그럼 세금으로만 30을 떼간건가요?...,,https://kin.naver.com/qna/detail.naver?dirId=6080402&docId=494915502&answerNo=1&qb=7Iuk7JeF6riJ7Jes,해당사항
527,실업급여 실업인정,9,N,2026.08.27.,3,고용보험,"실업급여, 실업인정, 사람인, 고용24",,"열람/미열람, 처리/미처리 결과를 떠나 지원한 내역으로 실업인정 신청하시면 됩니다. 모집공고문 + 지원 내역 캡쳐한 것으로 첨부, 등록 후 제출[전송]하시면 됩니다.",갈거미(kp****),https://kin.naver.com/qna/detail.naver?dirId=6080402&docId=494920111&answerNo=3&qb=7Iuk7JeF6riJ7Jes,실업인정
528,산재 치료 후 동일 질병으로 퇴사한 경우 실,24,Y,2026.08.27.,3,고용보험,,,"그래서 산재 치료가 끝난 후 실업급여를 신청하려고 고용센터에 방문했는데, 창구에서 “산재와 실업급여가 동일 질병에 해당하기 때문에 실업급여를 받을 수 없다”는...",,https://kin.naver.com/qna/detail.naver?dirId=6080402&docId=494920735&answerNo=1&qb=7Iuk7JeF6riJ7Jes,"산재, 치료, 동일, 질병으로, 퇴사한"
529,자진 퇴사 후 계약직 후 실업급여 신청기간,23,N,2026.08.28.,3,고용안정,"실업급여, 퇴사관련",,"전직장을 3년 다니고 자진퇴사 후 2달정도 쉬다가 계약직을 2달다니고 (계약만료) 2,3달 알바하다가 실업급여를 신청해도 되나요? 안녕하세요...",청소년근로권익센터(yout****),https://kin.naver.com/qna/detail.naver?dirId=6080401&docId=494924541&answerNo=3&qb=7Iuk7JeF6riJ7Jes,
530,질병으로 인한 실업급여(빠른답변 부탁드립,22,Y,2026.08.28.,3,고용보험,,,근데 퇴사할려고 하는데 자진퇴사면 실업급여를 못 받는다고 하더라고요 그래서 질병으로 인한 퇴사로 실업급여 받을려고 하는데 지금 현재 진단서에는 상세불명 열탈진...,코웨이 이팀장(roya****),https://kin.naver.com/qna/detail.naver?dirId=6080402&docId=494927053&answerNo=2&qb=7Iuk7JeF6riJ7Jes,"질병으로, 인한, 빠른답변, 부탁드립"
531,실업급여 신청은 언제까지 해야 하나요,20,N,2026.08.29.,3,유아교육제도,실업급여,,수고 하십니다 제가 요양원 퇴직을 하고 쉬고 있는데 실업급여 신청은 언제까지 해야 하는지 궁금합니다. 고용센터에 갔더니 재취업 활동을 하고 신고를 하고 담당자가 확인을...,,https://kin.naver.com/qna/detail.naver?dirId=110103&docId=494927066&answerNo=2&qb=7Iuk7JeF6riJ7Jes,"신청은, 언제까지"
532,실업급여 재취업활동 질문,13,N,2026.08.28.,3,고용보험,,,2차 활동으로 구직외활동으로 강의 수강 할껀데 영상 한개만 신청하면 되나오? 아니면 영상 여러개 올라온거 다 봐야하니여? 영상 하나만 신청해서 수강하셔도 인정되는 경우가...,,https://kin.naver.com/qna/detail.naver?dirId=6080402&docId=494930338&answerNo=3&qb=7Iuk7JeF6riJ7Jes,재취업활동
533,계약직 실업급여 신청,11,N,2026.08.28.,3,고용안정,,,저는 회사 작년 11월 19일에 입사 했습니다 이번년도 9월 말일에 계약만료인데 계약만료때 퇴사를 하고 실업급여 신청 한다고 말씀을 드릴건데 안된다고 하면 안되는걸까요?...,갓나무(chen****),https://kin.naver.com/qna/detail.naver?dirId=6080401&docId=494935822&answerNo=2&qb=7Iuk7JeF6riJ7Jes,
534,실업급여 문의합니다!,11,N,2026.08.29.,3,고용보험,,,"1개월 단기 계약직 업무가 끝나면 실업급여를 신청하고자 하는데 자발적 퇴사를 하는 지금 직장의 이직확인서? 도 제출해야 하나요? 네, 이전 직장(현재 직장)의 이직확인서도...",,https://kin.naver.com/qna/detail.naver?dirId=6080402&docId=494941598&answerNo=3&qb=7Iuk7JeF6riJ7Jes,문의합니다
535,실업급여 관련,7,N,2026.08.29.,3,고용보험,,,작년 9월 4일자로 입사해서 10월 말 퇴사를 생각하는데 실업급여 받을 수 있나요?? 신청하면 받을수있습니다,,https://kin.naver.com/qna/detail.naver?dirId=6080402&docId=494942264&answerNo=1&qb=7Iuk7JeF6riJ7Jes,
536,불법노임과 실업급여 부정수급,15,N,2026.08.29.,3,고용보험,,,부정실업급여 받음 세금을 정리해달라 C가 B에게 요청했으나 실업급여 부저수급 건을 빌미로 배째라는 상화임 C는 부정수급 급액이 세금보다 많아서 답이 없는상황 B에게...,코웨이 이팀장(sebo****),https://kin.naver.com/qna/detail.naver?dirId=6080402&docId=494945364&answerNo=1&qb=7Iuk7JeF6riJ7Jes,불법노임과
537,조기취업수당 신청 후 실업급여 신청이 가능,23,Y,2026.08.30.,3,고용안정,"조기취업수당, 실업급여, 중복신청, 부정수급",,작년 6월말까지 파견직으로 계약만료가 되어져서 실업급여 신청을 했었는데 그 후 2주만에 계약직으로 재취업이 되어 조기취업수당 해당자가 되었습니다 그 후 1년이 지나 곧...,답변채택부탁드립니다(codp****),https://kin.naver.com/qna/detail.naver?dirId=6080401&docId=494952253&answerNo=1&qb=7Iuk7JeF6riJ7Jes,신청이
538,실업급여 문의,7,N,2026.08.30.,3,고용보험,실업급여,,11월부터 4대보험은 다 들어간 상태 입니다 현재 취업준비로 인해 일을 그만두려고 하는데 자진퇴사는 실업급여 받기 어렵다 들어서 문의 드립니다 혹시 위 내용 처럼 근무...,정부 복지정책 전문(leop****),https://kin.naver.com/qna/detail.naver?dirId=6080402&docId=494952436&answerNo=3&qb=7Iuk7JeF6riJ7Jes,
539,실업급여 인정수급,9,N,2026.08.30.,3,고용보험,,,안녕하세여 질문자분의 질문에 답변드립니다^;^ 질문자분께서 실업급여 신청하신것으로 보입니다 상용직이면 1차실업인정일 다음날 8일분 지급되며 일용직이면...,,https://kin.naver.com/qna/detail.naver?dirId=6080402&docId=494952924&answerNo=1&qb=7Iuk7JeF6riJ7Jes,인정수급
540,실업급여 조건,7,N,2026.08.30.,3,고용보험,,,제가 지금 전에다니던 직장 재입사해서 계약직으로 하고있는데 9월말에 계약종료가 되서 현재직장에서 실업급여를 받게끔 해주겠다고 했습니다 근데 궁금한건 제가지금...,가물치(h292****),https://kin.naver.com/qna/detail.naver?dirId=6080402&docId=494958280&answerNo=1&qb=7Iuk7JeF6riJ7Jes,
541,실업급여 첫인정일,9,N,2026.08.31.,3,고용보험,,,"첫 실업인정일이 9월 8일이라면, 그 전에 단기·일용 아르바이트를 하는 것 자체가 바로 실업급여 수급에 문제가 되는 것은 아닙니다. 다만 실업인정 대상기간 중 하루라도...",코웨이 이팀장(roya****),https://kin.naver.com/qna/detail.naver?dirId=6080402&docId=494964392&answerNo=1&qb=7Iuk7JeF6riJ7Jes,첫인정일
542,폐업시 급여,6,N,2026.08.31.,3,"고용, 고용복지",,,장사가 안되서 식당이 폐업하게 되었는데요 1년이상 이라 실업급여는 받는데요 근무 마지막달 20일 일하는데 남은10일은 사장님 개인사정인데 안주면 못받는건가요...,,https://kin.naver.com/qna/detail.naver?dirId=60804&docId=494967412&answerNo=2&qb=7Iuk7JeF6riJ7Jes,폐업시
543,실업급여 관련,7,N,2026.08.31.,3,고용보험,,,"실업급여 3차 인정일이 9월 4일 금요일 입니다. 그런데 8월 25일부터 수습3개월 입사하게 됐습니다. 직장과 집 거리(차 편도 1시간), 업무가 저와 맞지않아 퇴사를 생각하고...",,https://kin.naver.com/qna/detail.naver?dirId=6080402&docId=494968029&answerNo=1&qb=7Iuk7JeF6riJ7Jes,
544,실업급여 구직급여 수급 중 수익발생,19,N,2026.08.31.,3,고용보험,,,안녕하세요 구직급여를 3개월 정도 받았는데 그동안 수익이 발생하고 있었어요... 3개월치를 한꺼번에 신고하는 것 이미 실업인정이 끝난 기간의 소득이라면 다음 실업인정 때...,이후록노무사(lhrd****),https://kin.naver.com/qna/detail.naver?dirId=6080402&docId=494970285&answerNo=2&qb=7Iuk7JeF6riJ7Jes,"구직급여, 수익발생"
545,실업급여 이직확인서,10,N,2026.08.31.,3,고용보험,"실업급여, 해고, 이직확인서",,그냥 실업급여 받고 쉬라고 하더라구요 근데 고용센터에 갔더니 9월초에 다시 오라고합니다 고용24가입하고 이직확인서가 필요해서 들어가봤는데 아직 처리가 안된거같습니다...,코웨이 이팀장(sebo****),https://kin.naver.com/qna/detail.naver?dirId=6080402&docId=494971502&answerNo=1&qb=7Iuk7JeF6riJ7Jes,
546,통근곤란 실업급여 받을 수 있을까요?,20,N,2026.08.31.,3,"노동 정책, 제도","실업급여, 통근곤란",,"네, 질문 내용이라면 통근곤란을 이유로 한 자발적 퇴사라도 실업급여를 인정받을 가능성이 있습니다. 고용보험에서는 사업장 이전이나 본인의 의사와 관계없는 근무지 변경...",코웨이 이팀장(sebo****),https://kin.naver.com/qna/detail.naver?dirId=60805&docId=494972370&answerNo=1&qb=7Iuk7JeF6riJ7Jes,받을
547,퇴직금 실업급여질문,10,N,2026.08.31.,3,"고용, 고용복지",,,퇴사하더라도 실업급여를 받을수있을까요? 2026년 1월 1일 입사해서 2026년 12월 31일까지 근무한다면 ‘1일 부족해서 퇴직금이 안 나오는 것’은 아닙니다. 1월 1일부터...,코웨이 이팀장(sebo****),https://kin.naver.com/qna/detail.naver?dirId=60804&docId=494972758&answerNo=1&qb=7Iuk7JeF6riJ7Jes,실업급여질문
548,실업급여 근무기간,9,N,2026.09.01.,3,고용보험,,,이 곳 비자발적 퇴사면 실업급여 대상이십니다. 4대보험[고용보험 포함] 미가입 사업장의 근무기간은 반영되지는 아니합니다. 실업급여 받게 된다면 지원받을수 있는 기간인...,갈거미(kp****),https://kin.naver.com/qna/detail.naver?dirId=6080402&docId=494980617&answerNo=3&qb=7Iuk7JeF6riJ7Jes,근무기간
549,이직확인서 및 실업급여,12,N,2026.09.01.,3,고용보험,,,"실업급여 가신청하러가면 처리가 좀 빠를까요?? 신고, 접수, 처리, 확인까지는 평일 기준으로 7일 정도 전,후로 시일이 소요될수 있습니다. 늦어도 이 번 주 중으로 확인될...",갈거미(kp****),https://kin.naver.com/qna/detail.naver?dirId=6080402&docId=494980658&answerNo=2&qb=7Iuk7JeF6riJ7Jes,
550,실업급여.,5,N,2026.09.01.,3,고용보험,,,제가 실업급여를 신청할려고했는데 3.3만떼고 피고용보험이 안되있어서 실업급여가안된데요 제가알기론 직장에서 일한기간을 미납이라하고 다내면된다고하는데...,신천옹(cjro****),https://kin.naver.com/qna/detail.naver?dirId=6080402&docId=494982294&answerNo=2&qb=7Iuk7JeF6riJ7Jes,
551,실업급여에대해,7,N,2026.09.01.,3,고용보험,,,180일넘어서 실업급여신청하려고하는데 가능한가요? 그리고 얼마정도 받을수있나요? 안녕하세여 질문자분의 질문에 답변드립니다^;^ 질문자분께서 인력사무소 통하여...,,https://kin.naver.com/qna/detail.naver?dirId=6080402&docId=494983321&answerNo=2&qb=7Iuk7JeF6riJ7Jes,실업급여에대해
552,실업급여 두루누리지원금 사업자 피해받울까,22,Y,2026.09.02.,3,고용보험,,,직원이 나가서 실업급여를 수급하면 지원금이 끊기는건 알고있는데 사업장이 지원금 받은걸 토해내야하나요? 아님 따로 피해받는게 있는지 궁급합니다 그리고...,청소년근로권익센터(yout****),https://kin.naver.com/qna/detail.naver?dirId=6080402&docId=494992588&answerNo=2&qb=7Iuk7JeF6riJ7Jes,"두루누리지원금, 사업자, 피해받울까"
553,실업급여 첫인정일 불참,12,N,2026.09.02.,3,고용보험,,,"솔직히 생활이 너무 빠듯해서 급여타는걸 두달여 미룰생각입니다.당장 나갈거 너무많아서요. 첫 실업인정 교육에 불참하면 해당 회차 실업인정이 안 되고, 보통 다음 인정일에...",,https://kin.naver.com/qna/detail.naver?dirId=6080402&docId=494994602&answerNo=1&qb=7Iuk7JeF6riJ7Jes,첫인정일
554,실업급여 마지막 6차 수령,14,N,2026.09.02.,3,고용보험,,,안녕하세요 제가 9월 5일까지가 실업급여 받는 기간인데 실제 급여 수령 날짜는 3일입니다 그럼 나머지 4일 5일은 의미 없는 건가요? 제가 9월 5일까지가 실업급여 받는...,갓나무(chen****),https://kin.naver.com/qna/detail.naver?dirId=6080402&docId=495003790&answerNo=3&qb=7Iuk7JeF6riJ7Jes,"6차, 수령"
555,퇴사 후 바로 이직 후 퇴사 실업급여,20,N,2026.09.03.,3,고용보험,,,이런 상황도 실업급여 못 받나요? 실업급여는 마지막 직장 퇴사 사유로 신청하는 것이라 새로운 회사로 이직하여 하루라도 근무하게 되면 이 곳이 마지막 직장으로 인정되어...,갈거미(kp****),https://kin.naver.com/qna/detail.naver?dirId=6080402&docId=495008523&answerNo=2&qb=7Iuk7JeF6riJ7Jes,바로
556,결혼 실업급여,7,N,2026.09.03.,3,고용보험,,,1.실업급여를 받으려고 하는데 결혼으로 인해 본가쪽 지역으로 이사를 가려하는데 실업급여를 받을수있나요?남자가 직장이 없어도 가능한가요? 2.회사에 말해야하나요? 지역은...,메치니코프(psyg****),https://kin.naver.com/qna/detail.naver?dirId=6080402&docId=495013812&answerNo=1&qb=7Iuk7JeF6riJ7Jes,결혼
557,고용보험 미가입 3.3% 프리랜서 실업급여,23,N,2026.09.03.,3,고용보험,,,"실업급여를 받을 수 있게 퇴사 전에 고용보험 가입을 원한다고 하니, 그러면 부정수급으로 나중에 문제가 생겨 회사나 저나 곤란해질 수도 있다고 고용보험 가입 요청을...",,https://kin.naver.com/qna/detail.naver?dirId=6080402&docId=495014878&answerNo=3&qb=7Iuk7JeF6riJ7Jes,미가입
558,실업 급여,5,N,2025.01.21.,2,고용보험,,,1년 계약직으로 일하고 실업 급여 가능한가요? 계약만료라면 가능합니다.,경덕(love****),https://kin.naver.com/qna/detail.naver?dirId=6080402&docId=480727610&answerNo=1&qb=7Iuk7JeF6riJ7Jes,
559,2025년 실업급여,10,N,2025.03.26.,2,고용보험,,,2차 인정당일 구직활동도 가능한가요 넵.!,갈거미(kp****),https://kin.naver.com/qna/detail.naver?dirId=6080402&docId=483562123&answerNo=2&qb=7Iuk7JeF6riJ7Jes,2025년
560,실업급여는 주급으로 받나요?,15,N,2025.06.11.,2,고용보험,,,궁금합니다 월마다 들어옵니다.,,https://kin.naver.com/qna/detail.naver?dirId=6080402&docId=486080039&answerNo=1&qb=7Iuk7JeF6riJ7Jes,"실업급여는, 주급으로, 받나요"
561,실업급여 받을수 있나요?,13,N,2025.10.13.,2,고용보험,,,주식배당을 받고있어도 실업급여 받을수 있나요 일을 해야받지요,메치니코프(psyg****),https://kin.naver.com/qna/detail.naver?dirId=6080402&docId=489496684&answerNo=1&qb=7Iuk7JeF6riJ7Jes,받을수
562,실업급여 도중에 취직할경우,14,N,2025.11.11.,2,고용보험,,,취업신고하면 그동안 구직급여는 언제 받나요? 일주일이내 받읍니다,산야로(hans****),https://kin.naver.com/qna/detail.naver?dirId=6080402&docId=490116439&answerNo=1&qb=7Iuk7JeF6riJ7Jes,"도중에, 취직할경우"
563,실업급여8차 질문,9,N,2026.01.28.,2,고용보험,,,고용24에서 구직활동5회했으면 따로 증빙자료 들고갈필요없나요? 넵.!!,갈거미(kp****),https://kin.naver.com/qna/detail.naver?dirId=6080402&docId=491626669&answerNo=2&qb=7Iuk7JeF6riJ7Jes,실업급여8차
564,현재 1차 실업급여 진행중인데 2차는 1차 받고,26,Y,2026.02.20.,2,고용보험,,,몰라서 여쭙니다. 1차 받았으면 2차부터는 28일 마다 받게 됩니다. 수급일자 확인해 보세요.,,https://kin.naver.com/qna/detail.naver?dirId=6080402&docId=492073804&answerNo=1&qb=7Iuk7JeF6riJ7Jes,"현재, 1차, 진행중인데, 2차는, 1차, 받고"
565,실업급여 4차,7,N,2026.02.25.,2,고용보험,,,실업급여 4차인데 면접 한번 봤습니다. 다른거 또 할거있을가요?? 이력서 하나 넣어야죠,메치니코프(psyg****),https://kin.naver.com/qna/detail.naver?dirId=6080402&docId=492172074&answerNo=1&qb=7Iuk7JeF6riJ7Jes,4차
566,군대 가기전 실업급여못받은거 받을수 있나,22,Y,2026.02.28.,2,"고용, 고용복지",,,군대 입대할때 한달정도 급여를 못받았는데 받을수 있나요?? 실업인정기간이 지나면 못받을수 있는데요.관할 고용센터에 문의해보세여,푸른바다(pref****),https://kin.naver.com/qna/detail.naver?dirId=60804&docId=492230668&answerNo=1&qb=7Iuk7JeF6riJ7Jes,"군대, 가기전, 실업급여못받은거, 받을수, 있나"
567,실업 급여 조건,8,N,2026.03.31.,2,고용보험,,,현재 제가 임대 사업자로 되어있는데요 이런 경우도 실업 급여 자격 됩니까? 계약직으로 회사 1년 계약만료 안됩니다.,,https://kin.naver.com/qna/detail.naver?dirId=6080402&docId=492739024&answerNo=1&qb=7Iuk7JeF6riJ7Jes,
568,실업급여 구직활동,9,N,2026.03.31.,2,고용보험,,,구직활동으로 청년인턴 채용에 지원한것도 인정되나요?? 넵.!!! 청년 인턴 자격에 해당되면 구직활동 지원한 내역으로 실업인정 신청하셔도 인정된다 하겠습니다.,갈거미(kp****),https://kin.naver.com/qna/detail.naver?dirId=6080402&docId=492745454&answerNo=2&qb=7Iuk7JeF6riJ7Jes,
569,실업급여 신청,7,N,2026.03.31.,2,고용보험,,,제가 최근에 신분증을 분실했는데 신분증 말고도 여권으로 확인 가능한가요? 넵.!! 가능합니다.,갈거미(kp****),https://kin.naver.com/qna/detail.naver?dirId=6080402&docId=492746259&answerNo=2&qb=7Iuk7JeF6riJ7Jes,
570,실업급여 질문,7,N,2026.04.08.,2,고용보험,,,4월달 실업급여 지급을 4월 1일날 받았다면 다음 지급일은 언제일까요? 4.1일 받았다면 다음 차수는 보통 28일간격으로 받으니 4.29일이 될듯합니다~,가물치(h292****),https://kin.naver.com/qna/detail.naver?dirId=6080402&docId=492866730&answerNo=1&qb=7Iuk7JeF6riJ7Jes,
571,실업급여 질문,7,N,2026.04.17.,2,고용보험,,,실업급여 인정 받을려면 2~3차때는 한번만 구직활동 또는 구직외 활동을 하면되는건가요? 답변부탁드립니다. 넵.!! 구직활동 또는 구직외 활동 중 택1.. 로 진행하시면 됩니다.,갈거미(kp****),https://kin.naver.com/qna/detail.naver?dirId=6080402&docId=493001005&answerNo=2&qb=7Iuk7JeF6riJ7Jes,
572,실업급여 7차 문의,10,N,2026.04.23.,2,고용보험,,,실업급여 7차 직업훈련 24시간 STEP 1회 하면 실업인정 되나요?,,https://kin.naver.com/qna/detail.naver?dirId=6080402&docId=493086603&answerNo=0&qb=7Iuk7JeF6riJ7Jes,7차
573,실업급여 5차,7,N,2026.04.23.,2,고용보험,,,제가 실업급여 5차 진행중인데 면접확인서는 다했고 하나는 어떤거 활동 하면되는건가요??.. 구직활동 1건 또는 구직외 활동으로 회수미소진한 특강이나 심리검사 진행하시면...,갈거미(kp****),https://kin.naver.com/qna/detail.naver?dirId=6080402&docId=493089151&answerNo=2&qb=7Iuk7JeF6riJ7Jes,5차
574,실업급여 직종 조건,10,N,2026.05.07.,2,고용보험,,,안녕하세요 실업급여 직종 조리원에서 주방보조원이면 음료 조리원 입사지원해도 인정받아주나요? 유사한 직종이니 인정되지 싶습니다.,갈거미(kp****),https://kin.naver.com/qna/detail.naver?dirId=6080402&docId=493297586&answerNo=1&qb=7Iuk7JeF6riJ7Jes,직종
575,실업급여 이메일지원방법,12,N,2026.05.08.,2,고용보험,,,이메일지원첨부 이렇게하면되나요? 그냥 고용24 이력서 넣으세요 그러면 진짜 편해요,메치니코프(psyg****),https://kin.naver.com/qna/detail.naver?dirId=6080402&docId=493312808&answerNo=1&qb=7Iuk7JeF6riJ7Jes,이메일지원방법
576,실업급여 심리검사,9,N,2026.05.18.,2,고용보험,,,심리검사 이것도 실업인정 되나요?? 이중에 하나 선택해서 하면 되나요?? 네 맞습니다. 보통 L형과 S형을 많이합니다.,가물치(h292****),https://kin.naver.com/qna/detail.naver?dirId=6080402&docId=493447262&answerNo=1&qb=7Iuk7JeF6riJ7Jes,
577,이런경우도 실업급여 인정되나요,16,N,2026.05.31.,2,국민연금보험,"검색질문, 통합검색궁금증, 통합검색질문하기",,사실혼남편사망후자발적퇴사도실업급여인정되나요 개인 사정에 의한 자발적 퇴사는 실업급여 대상에서 제-외 됩니다.,,https://kin.naver.com/qna/detail.naver?dirId=6100402&docId=493633009&answerNo=1&qb=7Iuk7JeF6riJ7Jes,"이런경우도, 인정되나요"
578,실업급여 만료일,8,N,2026.06.01.,2,고용보험,,,오늘이 만료일인데 구직활동 한번밖에 못했는데 방법이없나여 급해여 송구하옵니다. ㅠ 마지막 회차가 몇차인지 모르겠지만 2건을 해야 하는데 1건만 했다면 아마도 50%는...,갈거미(kp****),https://kin.naver.com/qna/detail.naver?dirId=6080402&docId=493644693&answerNo=2&qb=7Iuk7JeF6riJ7Jes,만료일
579,실업급여 조건,7,N,2026.06.11.,2,고용보험,,,이랜드 애슐리에서 약 3개월 후 2년 만기를 채우게 되는데 혹시 실업급여를 받을 수 있을까요? 계약직으로 입사를 했고 최종 계약만료로 퇴사면 실업급여 신청 및 수급이...,갈거미(kp****),https://kin.naver.com/qna/detail.naver?dirId=6080402&docId=493810573&answerNo=2&qb=7Iuk7JeF6riJ7Jes,
580,계약만료 실업급여,9,N,2026.06.17.,2,고용보험,"실업급여, 실업급여조건, 실업급여수급자격",,"이 경우 실업급여를 받을 수 있을까요? 마지막 직장 4대보험 모두 가입 및 만1개월[이상] 근무, 최종 비자발적 퇴사면 실업급여 가능합니다.",갈거미(kp****),https://kin.naver.com/qna/detail.naver?dirId=6080402&docId=493919771&answerNo=2&qb=7Iuk7JeF6riJ7Jes,계약만료
581,4시간으로 실업급여,10,N,2026.06.26.,2,고용보험,,,"4시간 이상 근무후13개월계약만료로 실업급여 받을예정 입니다 몇달정도 는 받을수 있을까요 궁금합니다??? 실업급여 = 소정급여일수 150일 X 지급일액 33,024원 ... 입니다....",갈거미(kp****),https://kin.naver.com/qna/detail.naver?dirId=6080402&docId=494039035&answerNo=2&qb=7Iuk7JeF6riJ7Jes,4시간으로
582,실업급여 면접,7,N,2026.07.01.,2,고용보험,,,오늘 7월 1일 마지막 실업급여 수급일 입니다. 구직활동 신청한 회사에서 오늘 7월 1일 오전 8시 면접보러 오라고 하는데 면접을 보고 회사가 맘에 안들면 굳이 다닐 필요는...,갈거미(kp****),https://kin.naver.com/qna/detail.naver?dirId=6080402&docId=494112491&answerNo=2&qb=7Iuk7JeF6riJ7Jes,
583,대학교 입학으로 그만두는건 실업급여대상이,22,Y,2026.07.03.,2,고용보험,"실업급여, 실업급여조건, 고용보험",,중3때부터 계속 알바하고있는데 내년에 대학 합격하면 거리가 멀어서 그만둬야하는데 대학입학으로 그만두는건 실업급여대상이 안될까요???? 개인사정이라 안되나요ㅠㅠ...,산야로(hans****),https://kin.naver.com/qna/detail.naver?dirId=6080402&docId=494145760&answerNo=1&qb=7Iuk7JeF6riJ7Jes,"대학교, 입학으로, 그만두는건, 실업급여대상이"
584,"실업급여, 산재휴업급여",12,N,2026.07.07.,2,고용보험,"산재, 산재휴업급여, 실업급여, 중복",,실업급여 신청 가능한가요? 미리 신청하고 중복기간은 뺄 수? 있는 거 같던데 동시 신청은 가능하지만 중복기간은 인정 안 돼요. 산재휴업급여 기간은 실업급여에서 제외돼요....,,https://kin.naver.com/qna/detail.naver?dirId=6080402&docId=494200629&answerNo=2&qb=7Iuk7JeF6riJ7Jes,산재휴업급여
585,실업급여 면접사실확인서,12,N,2026.07.13.,2,고용보험,,,"실업인정신청 관련 저번에 면접 끝나고 면접사실확인서 서명 받아서 왔습니다. 그런데 작성자가 인사담당자는 아니고 기관의 다른 과장님이 작성해주셨는데, 인정될까요?...",산야로(hans****),https://kin.naver.com/qna/detail.naver?dirId=6080402&docId=494291188&answerNo=2&qb=7Iuk7JeF6riJ7Jes,면접사실확인서
586,실업급여 4차,7,N,2026.07.15.,2,"고용, 고용복지",실업급여,,제가 1차 센터방문 2차 온라인교육 3차 적성검사 이렇게 했는데 이번 4차때에 온라인교육+구직활동1회+센터방문 해도 되는건가요? 넵.!! 계획하신대로 이 번 4차에 그렇게...,갈거미(kp****),https://kin.naver.com/qna/detail.naver?dirId=60804&docId=494312965&answerNo=2&qb=7Iuk7JeF6riJ7Jes,4차
587,실업급여 문의,7,N,2026.07.15.,2,고용보험,,,2026년 6월 계약직 종료 후 퇴사 이후 실업 급여 신청 후 22일 첫 교육 들으러 가는데 그 사이 일용직 근무 4일 32시간 근무 해도 될까요? (일 8시간) 하지마세요. 어차피 인정...,,https://kin.naver.com/qna/detail.naver?dirId=6080402&docId=494317553&answerNo=1&qb=7Iuk7JeF6riJ7Jes,
588,실업급여6차,6,N,2026.07.18.,2,고용보험,,,안녕하세요궁금해서여쭤봅니다 담주가실업급여6차입니다 특강은 3번 다봤구요 심리검사도1번남은건지안남은건지궁금해서요 고용24에 구직외활동내역을보면 특강3번본건...,갈거미(kp****),https://kin.naver.com/qna/detail.naver?dirId=6080402&docId=494355505&answerNo=2&qb=7Iuk7JeF6riJ7Jes,실업급여6차
589,실업급여 구직활동,9,N,2026.07.25.,2,고용보험,"입사, 실업급여, 실업인정, 궁금해요, 도와주세요",,가시면 실업인정신청서 교부하는데 그 양식대로 작성 후 제출하시면 이를 토대로 4차 인정기간의 재취업활동 내역을 모니터링 후 구직활동을 한 사실을 확인하게 됩니다....,갈거미(kp****),https://kin.naver.com/qna/detail.naver?dirId=6080402&docId=494451241&answerNo=2&qb=7Iuk7JeF6riJ7Jes,
590,실업급여 금액,7,N,2026.07.27.,2,고용보험,,,1일 68100원이면 한달에 한번 받는건데 68100*30일로 계산하는건가요? 2043000원 30일에 한번받는것인가요? 200 까지는 안주고 170만원 정도 줄거에요,메치니코프(psyg****),https://kin.naver.com/qna/detail.naver?dirId=6080402&docId=494480078&answerNo=1&qb=7Iuk7JeF6riJ7Jes,
591,실업급여 부당수급 관련 문의드립니다.,20,N,2026.08.29.,2,고용보험,"실업급여, 부정수급신고",,실제 취업일: 2024년 8월 1일 고용보험 취득일: 2024년 8월 1일 실업인정일: 2024년 8월 2일 실업인정 대상기간: 2024.07.26 ~ 2024.08.02 이 기간에 실업급여 지급됨 취업신고는 8/4로...,,https://kin.naver.com/qna/detail.naver?dirId=6080402&docId=494485289&answerNo=2&qb=7Iuk7JeF6riJ7Jes,"부당수급, 문의드립니다"
592,비자발적 퇴사 2번 이후 실업급여 신청 시,23,N,2026.07.28.,2,"고용, 고용복지",실업급여,,A회사에서 1년 이상 근무 후 권고사직으로 비자발적 퇴사하였고 실업급여를 신청하려던 와중 계약직 취업하게 되어서 퇴사 한달 만에 B회사에서 1년 이상 근무 후 계약만료로...,갈거미(kp****),https://kin.naver.com/qna/detail.naver?dirId=60804&docId=494485709&answerNo=2&qb=7Iuk7JeF6riJ7Jes,"비자발적, 2번, 이후"
593,실업급여 궁금한점 있습니다,14,N,2026.07.27.,2,고용보험,실업급여,,"제가 지금 실업급여를 받고 있는데 수급 중 업장에서 무급 실습을 3일 했는데, 근로계약서도 작성하지 않았고 임금도 받지 않았으며 4대 보험 가입도 하지 않았습니다. 이런...",메치니코프(psyg****),https://kin.naver.com/qna/detail.naver?dirId=6080402&docId=494485958&answerNo=1&qb=7Iuk7JeF6riJ7Jes,"궁금한점, 있습니다"
594,실업급여 희망직종 인정,12,N,2026.07.28.,2,"고용, 고용복지",,,실업급여 희망지역은 1.2순위 그리고 희망직종은 1.2.3순위까지 있는데요 사무 법무라해도 사무에 포함되서 괜찮을듯한데요 정 불안하시면 3순위 법무로 추가하고 이력서...,가물치(h292****),https://kin.naver.com/qna/detail.naver?dirId=60804&docId=494486772&answerNo=1&qb=7Iuk7JeF6riJ7Jes,"희망직종, 인정"
595,실업급여 2차 온라인교육,13,N,2026.07.28.,2,"고용, 고용복지",실업급여,,실업급여 2차를 온라인 교육으로 들으려고 하는데요 강의가 여러갠데 그중 하나만 보고 실업인정신청서 제출하면 인정인가요? 아님 거기 나와있는 영상들 전부를 봐야하나요?...,갈거미(kp****),https://kin.naver.com/qna/detail.naver?dirId=60804&docId=494498103&answerNo=2&qb=7Iuk7JeF6riJ7Jes,2차
596,퇴사후 알바 후 실업급여질문,15,N,2026.07.29.,2,고용보험,,,11년 다니던 직장을 퇴사하고 바로 1~2개월 단기알바를 하고 계약만료로 인한 퇴사가 되야 실업급여를 받을수있나요 아니면 1~2달 셨다가 단기알바(1~2개월짜리)하고...,,https://kin.naver.com/qna/detail.naver?dirId=6080402&docId=494501772&answerNo=1&qb=7Iuk7JeF6riJ7Jes,"퇴사후, 실업급여질문"
597,실업급여?,5,N,2026.08.03.,2,"고용, 고용복지",실업급여,,"재계약 불가하여 8월 31일 계약기간 종료로 퇴사하면 실업급여 받을 수 있을까요? 정규직이신데, 계약기간 종료라는 말을 쓰셔서 약간 혼란스럽습니다. 뒷줄에...",,https://kin.naver.com/qna/detail.naver?dirId=60804&docId=494582968&answerNo=1&qb=7Iuk7JeF6riJ7Jes,
598,실업급여 만료 및 8차,12,N,2026.08.04.,2,고용보험,실업급여,,"제가 실업급여를 받고있는데요 소정급여일수 만료일이 8/29이고 6차 인증이 8/31일이면 8/30부터 7,8차는 급여가 지급 안 되어도 따로 구직활동 인증을 계속 해야하는...",갈거미(kp****),https://kin.naver.com/qna/detail.naver?dirId=6080402&docId=494598043&answerNo=1&qb=7Iuk7JeF6riJ7Jes,"만료, 8차"
599,실업급여 관련,7,N,2026.08.05.,2,"고용, 고용복지","고용센터, 실업급여조건, 이직확인서, 실업급여",,미리 거주지 관할 고용센터에 방문하여 실업급여 신청을 해도 될까요? 팩스로 보냈으면 개인 실거주지 관할 고용센터에 가시어 실업급여 신청하러 가시기만 하면 됩니다....,갈거미(kp****),https://kin.naver.com/qna/detail.naver?dirId=60804&docId=494610234&answerNo=2&qb=7Iuk7JeF6riJ7Jes,
600,실업급여 질문,7,N,2026.08.06.,2,"고용, 고용복지",,,오늘이 2차인데 강의 1개 들어도 인정이 된다해서 강의 듣고 제출하려고 보니 임시저장 밖에 안 되고 제출은 9월 2일인 실업급여인정일? 그때 제출 해야한다고 하던데.... 이게...,,https://kin.naver.com/qna/detail.naver?dirId=60804&docId=494622472&answerNo=0&qb=7Iuk7JeF6riJ7Jes,
601,실업급여 받으며 하루종일 주식 단타만 해도,23,Y,2026.08.06.,2,"노동 정책, 제도",,,실급 백만원 받는데 그걸로 생활이 안되세요 주식 단타해도 되는지.. 단타 엄청 많이 해도 상관 없나요? 하루에도 수없이 단타만 조짐 그렇다고 수익이 엄청 많이 내는것도...,,https://kin.naver.com/qna/detail.naver?dirId=60805&docId=494623122&answerNo=1&qb=7Iuk7JeF6riJ7Jes,"받으며, 하루종일, 주식, 단타만, 해도"
602,실업급여4차 구직활동,11,N,2026.08.07.,2,"직업, 취업",,,"다음주 8/10 월요일이 4차 실업인정일 의무출석일입니다. 아직 구직활동을 안해서 그러는데 2건을 해야하거든요 구직활동1건은 좀전에 했고, 고용24 들어가보니...",,https://kin.naver.com/qna/detail.naver?dirId=406&docId=494638564&answerNo=0&qb=7Iuk7JeF6riJ7Jes,실업급여4차
603,실업급여질문,6,N,2026.08.07.,2,고용보험,,,계약만료 퇴사 합쳐서 실업급여되나요. 마지막 직장 퇴사일 기준으로 18개월 이전까지의 기간 내에 한하여 고용보험 가입 모든 사업장에서의 근무기간 중 피보험...,갈거미(kp****),https://kin.naver.com/qna/detail.naver?dirId=6080402&docId=494643934&answerNo=1&qb=7Iuk7JeF6riJ7Jes,실업급여질문
604,실업급여 질문,7,N,2026.08.09.,2,"직업, 취업",,,제가 실업급여 때문에 이력서를 넣었는데 해당회사에서 채용취소됬더라고요...이런경우에는 실업급여 인정을 받을수 없는건가요?? ㅠㅠ 이력서를 실제로 제출했고 회사 측...,배워서남주자(wkdn****),https://kin.naver.com/qna/detail.naver?dirId=406&docId=494657032&answerNo=2&qb=7Iuk7JeF6riJ7Jes,
605,실업급여 관련,7,N,2026.08.11.,2,고용보험,,,한달간 계약직으로 주 3회 4시간 일을 할려고하는데 실업급여 기준을 충족하나요?? 7개월간 정규직이 주5일 근무였고 한달간 계약직이 4대보험 모두 가입으로 최소 만1개월...,갈거미(kp****),https://kin.naver.com/qna/detail.naver?dirId=6080402&docId=494693294&answerNo=2&qb=7Iuk7JeF6riJ7Jes,
606,실업급여 질문,7,N,2026.08.11.,2,고용보험,,,"안녕하세요 회사와 , 배달대행으로 투잡을 하고 있다가 현재 회사는 권고사직 처리되고 배달대행은 계속 근무중인데 실업급여가 나올까요? 아뇨 배달대행일하면서 실업급여...",,https://kin.naver.com/qna/detail.naver?dirId=6080402&docId=494695668&answerNo=1&qb=7Iuk7JeF6riJ7Jes,
607,가족 실업급여,7,N,2026.08.11.,2,고용보험,,,가게사정도좋지않고 어머니도 혼자하시는게 좋을거같다고해서 실업급여 신청할려는데 세무사분께 물어보니 가족회사는 실업급여해당사항이안된다고하셔서 안되는건가요?...,,https://kin.naver.com/qna/detail.naver?dirId=6080402&docId=494697277&answerNo=1&qb=7Iuk7JeF6riJ7Jes,가족
608,실업급여 문의,7,N,2026.08.12.,2,고용보험,,,"이직증명서와 제가 장애인 복지카드 소지자인데 실업급여 받는데 좀 도움될까요?? 이직증명서는 실업급여 신청 시 필수 서류로, 퇴사 사실과 근무 기간 등을 확인하는 데 꼭...",,https://kin.naver.com/qna/detail.naver?dirId=6080402&docId=494711422&answerNo=1&qb=7Iuk7JeF6riJ7Jes,
609,실업급여 구직활동 제출,12,N,2026.08.13.,2,"직업, 취업",,,안전하게 온라인 특강으로 돌리는 게 정답입니다. 제 [닉네임] 클릭하시면 프로필에 부결 없는 실업급여 대체 활동이랑 필수 서류 정리해 둔 블로그 주소 있으니 참고해 보세요!,히든노트(zx****),https://kin.naver.com/qna/detail.naver?dirId=406&docId=494716729&answerNo=1&qb=7Iuk7JeF6riJ7Jes,제출
610,실업급여때 해외여행가능하나요?,16,N,2026.08.14.,2,외국인 한국생활,,,혹시 실업급여기간때 해외여행가는건 불법이여서 안되나요? 내년에 아버지 만날려고하는데 혹시 실업급여기간때 해외여행가는지 궁금합니다. 실업급여 해외여행 안내...,피캇(ckdw****),https://kin.naver.com/qna/detail.naver?dirId=816&docId=494733120&answerNo=1&qb=7Iuk7JeF6riJ7Jes,"실업급여때, 해외여행가능하나요"
611,실업급여 4차 받아야 했는데 2건인데,20,N,2026.08.14.,2,사람과 그룹,,,"실업급여 4차 받아야 했는데 2건인데 직업선호도 조사와 온라인 특강 받았는데 이대로 신분증 가지고 센터 가면 될까요 ? 네, 준비하신 대로 신분증 지참해서 지정된 날짜와...",,https://kin.naver.com/qna/detail.naver?dirId=61303&docId=494734804&answerNo=1&qb=7Iuk7JeF6riJ7Jes,"4차, 받아야, 했는데, 2건인데"
612,실업급여 취업신고,9,N,2026.08.17.,2,"인사, 조직 관리",,,19일에 두 가지를 따로 신고해야하는건가요? 19일에는 이미 출근한 거니까 할 필요 없고. 출근한 날부터 두달이내로 취업했다고 신고하면 날짜계산해서 실업급여 입금해줘요.,,https://kin.naver.com/qna/detail.naver?dirId=40403&docId=494766722&answerNo=1&qb=7Iuk7JeF6riJ7Jes,
613,실업급여 대외활동 활동지원금,15,N,2026.08.17.,2,고용보험,"실업급여, 부정수급, 대외활동",,"실업급여를 수급하고 있는데, 시에서 주관하는 대외활동을 7-8월까지 참여하고 있습니다. 대외활동이 어느덧 마무리하게 되어, 80%이상 프로젝트를 참여하게되어 소정의...",,https://kin.naver.com/qna/detail.naver?dirId=6080402&docId=494777262&answerNo=1&qb=7Iuk7JeF6riJ7Jes,"대외활동, 활동지원금"
614,실업급여 관련 질문,10,N,2026.08.17.,2,고용보험,,,안녕하세요 제가 이번에 실업급여를 받을 수 있을까 싶어서 질문 남깁니다. 저는 현재 롯데 계열사에서 알바로 일하고 있습니다. 1년 6개월 중에 상용직으로 일수가 178일...,,https://kin.naver.com/qna/detail.naver?dirId=6080402&docId=494777880&answerNo=1&qb=7Iuk7JeF6riJ7Jes,
615,실업급여 질문드려요,10,N,2026.08.18.,2,고용보험,,,"제 월급이 세후 130 만원 입니다 (오전알바) 작년6월부터 지금까지 계속 재직중이고, 이 월급을 받을때 실업급여 얼마나 받을 수 있고 몇개월 탈 수 있는지 궁금합니다...",갈거미(kp****),https://kin.naver.com/qna/detail.naver?dirId=6080402&docId=494783324&answerNo=1&qb=7Iuk7JeF6riJ7Jes,질문드려요
616,실업급여자격,6,N,2026.08.19.,2,"노동 정책, 제도",,,직원이실업급여를받을수있나요? 자격상실신고할때 직원실업급여생각을못하고 직원이직으로인한퇴사로 신고했는데 실업급여를받을수있는지 고수님들께 문의합니다...,청소년근로권익센터(yout****),https://kin.naver.com/qna/detail.naver?dirId=60805&docId=494789205&answerNo=1&qb=7Iuk7JeF6riJ7Jes,실업급여자격
617,실업급여 8차 구직활동,12,N,2026.08.19.,2,고용보험,,,"자격증 따려고 국비지원 신청했는데, 2026년자 실업급여 8차 구직활동시 내일배움카드로 직업훈련 30시간 이상 채우면 5회 전부 인정이 되나요? 아니면 추가 구직활동을 더...",,https://kin.naver.com/qna/detail.naver?dirId=6080402&docId=494795654&answerNo=1&qb=7Iuk7JeF6riJ7Jes,8차
618,실업급여 질문,7,N,2026.08.20.,2,"고용, 고용복지",,,금액은 실업급여 신청할때 정정하면 되는것으로 알고있는데 퇴사 사유를 뭘로 해야하나요?? 폐업으로 인한 사실로 실직한 것이니 폐업으로 퇴사 사유를 작성하시면...,갈거미(kp****),https://kin.naver.com/qna/detail.naver?dirId=60804&docId=494809061&answerNo=1&qb=7Iuk7JeF6riJ7Jes,
619,실업급여 월 예상금액,11,N,2026.08.20.,2,고용보험,,,"실업급여 1일 액수가 57,792원으로 책정되었고 수급일수가 총 270일인 경우 실업급여는 월에 얼마정도 받나요?가 질문의 요지입니다. ◆ 질문에 대한 답변 1. 거주지 관할...",최창국공인노무사(cc37****),https://kin.naver.com/qna/detail.naver?dirId=6080402&docId=494815861&answerNo=2&qb=7Iuk7JeF6riJ7Jes,예상금액
620,실업급여를 받을수 있을까요,14,N,2026.08.21.,2,근로기준,,,수습기간 중 자진 퇴사 시 실업급여 수급이 불가합니다. ※ 만35세 이상 성인 근로자의 경우 상담이 불가하오니 고용노동부(1350)를 통해 문의주시기 바랍니다....,청소년근로권익센터(yout****),https://kin.naver.com/qna/detail.naver?dirId=60802&docId=494820319&answerNo=2&qb=7Iuk7JeF6riJ7Jes,받을수
621,자영업자 실업급여,9,N,2026.08.20.,2,"고용, 노동",,,"개인사업자인데요 자영업자로 쇼핑몰 운영중입니다., 폐업 말고 휴업하고도 증빙서류가 있으면 실업급여를 받을 수 있나요? 안녕하세요, 신은총...",신은총 노무사(cpla****),https://kin.naver.com/qna/detail.naver?dirId=608&docId=494821337&answerNo=2&qb=7Iuk7JeF6riJ7Jes,자영업자
622,실업급여 대상자 문의,11,N,2026.08.21.,2,고용보험,,,계약 만료로 퇴사 시 실업급여 대상자가 될까요? 답변 부탁드립니다. 감사합니다. 원래 정년퇴직시 실업급여 가능한데요. 1년계약으로 재입사하고 계약만료같은...,가물치(h292****),https://kin.naver.com/qna/detail.naver?dirId=6080402&docId=494829857&answerNo=1&qb=7Iuk7JeF6riJ7Jes,대상자
623,실업급여 문의,7,N,2026.08.21.,2,고용보험,,,"제 월급이 세후 130 만원 입니다 (오전알바) 하루 4시간씩 주5일 작년6월부터 지금까지 계속 재직중이고, 이 월급을 받을때 실업급여 얼마나 받을 수 있고 몇개월간 얼마정도씩...",,https://kin.naver.com/qna/detail.naver?dirId=6080402&docId=494831947&answerNo=1&qb=7Iuk7JeF6riJ7Jes,
624,사업자 폐업 실업급여,11,N,2026.08.21.,2,고용보험,,,제가 올해 1월에 사업자 등록을 하여서 이번에 폐업처리 하려는데 실업급여 조건이 되나요? 내 사업자라면 해당하지 않습니다. 다른 직장을 다니다가 조건이 충족되었는데 내...,,https://kin.naver.com/qna/detail.naver?dirId=6080402&docId=494832805&answerNo=1&qb=7Iuk7JeF6riJ7Jes,사업자
625,원거리발령으로 인한 실업급여 수급,18,N,2026.08.21.,2,고용보험,,,통근 거리 왕복 3시간 이상 건으로 실업급여 신청을 했습니다. 원 근무지는 왕복 1시간 40분 정도 걸리는 곳 이였으나 갑작스럽게 다른 지점으로 발령이 나서 자진 퇴사한...,,https://kin.naver.com/qna/detail.naver?dirId=6080402&docId=494835807&answerNo=1&qb=7Iuk7JeF6riJ7Jes,"원거리발령으로, 인한"
626,체납관리단 실업급여,10,N,2026.08.29.,2,"고용, 고용복지",,,"끝나고 실업급여 신청이 가능한가요? 네, 말씀하신 경우라면 실업급여 신청이 가능할 가능성이 높습니다. 2026년 3월 31일 기존 회사를 자진퇴사했더라도, 이후 10월 1일부터...",,https://kin.naver.com/qna/detail.naver?dirId=60804&docId=494864846&answerNo=2&qb=7Iuk7JeF6riJ7Jes,체납관리단
627,실업급여 5차,7,N,2026.08.24.,2,고용보험,실업급여,,"이번에 5차 실업급여 신청해야하는데 면접을 못 봤어요 교육1개, 심리검사1개 남았는데 따로 면접 없이 교육1개, 이력서 1장만 넣어도 가능한가요? 5차인데 면접을 못 보셔서...",,https://kin.naver.com/qna/detail.naver?dirId=6080402&docId=494868499&answerNo=2&qb=7Iuk7JeF6riJ7Jes,5차
628,"2026년 실업급여 지급액, 월급 350만원일 경우",28,Y,2026.08.24.,2,"고용, 고용복지","오늘숏텐츠, 실업급여, 2026년지급액, 월급350만원, 지급액계산",,"2026년에 실업급여를 받게 된다면, 만약 제 월급이 세전 350만 원일 경우 대략 얼마 정도 받을 수 있는지 궁금합니다. 블로그에서 월급 338만 원 미만은 하한액...",,https://kin.naver.com/qna/detail.naver?dirId=60804&docId=494871649&answerNo=2&qb=7Iuk7JeF6riJ7Jes,"지급액, 월급, 350만원일"
629,실업급여 180일 계산,12,N,2026.08.24.,2,고용보험,,,2026년 3월 3일에 입사했는데 언제까지 일해야 실업급여 받을 수 있는 기간이 충족되나요?? 2026년 3월 3일 입사하셨다면 단순히 달력상 180일을 세는 방식은 아닙니다....,,https://kin.naver.com/qna/detail.naver?dirId=6080402&docId=494873572&answerNo=1&qb=7Iuk7JeF6riJ7Jes,180일
630,실업급여 8차 준비물,11,N,2026.08.25.,2,고용보험,,,혹시 제가 오늘 8차 마지막날인데 제가 고용24에서 주1회 입사지원 했는데 이 자료를 프린트 해서 센터 가야하나요 아니면 그냥 가도 되는걸까요? 고용 24 통해서...,,https://kin.naver.com/qna/detail.naver?dirId=6080402&docId=494881022&answerNo=2&qb=7Iuk7JeF6riJ7Jes,8차
631,실업급여 신청가능 유무,12,N,2026.08.25.,2,고용보험,,,"폐업을 할 경우 실업급여를 받을수 있나요? 경기가 안좋은 상황이라 바로 취업하기는 어려울듯한데 답변부탁드립니다. 안녕하세요, 청소년청년근로권익센터입니다. 사업장...",청소년근로권익센터(yout****),https://kin.naver.com/qna/detail.naver?dirId=6080402&docId=494885719&answerNo=2&qb=7Iuk7JeF6riJ7Jes,"신청가능, 유무"
632,실업 급여 8회차 질문,12,N,2026.08.25.,2,고용보험,,,제가 수첩의 내용을 제대로 보지 못하고 8회차는 일주일에 1번지원인데 중순쯤에 몰아서 5건을 지원했습니다. 제가 원하는 일자리가 자주 올라오지도 않았습니다. 당장 내일...,갈거미(kp****),https://kin.naver.com/qna/detail.naver?dirId=6080402&docId=494887224&answerNo=2&qb=7Iuk7JeF6riJ7Jes,8회차
633,임금체불 신고 및 자진퇴사 시 실업급여 수급,24,Y,2026.08.26.,2,고용보험,"임금체불, 임금체불신고, 사회보험료, 국민연금미납, 건강보험료미납, 실업급여",,추가로 이와 같은 임금체불을 근거로 자진퇴사한 뒤 실업급여(구직급여)를 받을 수 있는지 궁금합니다. 실제 경험이 있으시거나 관련 법령 및 노동청 기준을 잘 아시는 분들의...,김정식 노무사(ckla****),https://kin.naver.com/qna/detail.naver?dirId=6080402&docId=494896620&answerNo=1&qb=7Iuk7JeF6riJ7Jes,임금체불
634,실업급여 반복수급 관련,12,N,2026.08.26.,2,고용보험,"실업급여, 구직급여, 반복수급, 고용보험",,최근 5년이내 실업급여를 2022.7 ~ 2023.2 2025.7 ~ 2025.12 위와 같이 받았는데 현재 재직 중인 직장을 올해 2026.12까지 근무하게 됩니다 (사유 : 근무지 이전) 1. 반복수급자의기준...,,https://kin.naver.com/qna/detail.naver?dirId=6080402&docId=494897871&answerNo=2&qb=7Iuk7JeF6riJ7Jes,
635,실업급여 180일 충족되는지 확인 여부 부탁드,25,Y,2026.08.26.,2,고용보험,,,전직장 25년 6/16일~7/31 자진퇴사 8/1일 4대보험 상실신고 완료 되었고 현직장 26년 2/2~8/26일 혹은 8/28일날로 해고로 인한 퇴사 180일 충족되는지 확인부탁드리겠습니다!...,,https://kin.naver.com/qna/detail.naver?dirId=6080402&docId=494898605&answerNo=1&qb=7Iuk7JeF6riJ7Jes,"180일, 충족되는지, 부탁드"
636,실업급여 구직활동할때 희망지역,16,N,2026.08.26.,2,고용보험,,,"고용 24 이력서 보니깐 제가 강남이랑 성남 분당 3군데를 적어놨던데 그럼 이 3지역은 가능한건가요? ■ 선택한 3지역에서 구직활동을 할수 있어요 그런데, 꼭 지키지는...",갓나무(chen****),https://kin.naver.com/qna/detail.naver?dirId=6080402&docId=494906188&answerNo=1&qb=7Iuk7JeF6riJ7Jes,"구직활동할때, 희망지역"
637,실업급여 받는 중에,10,N,2026.08.27.,2,고용보험,,,"현재 실업급여를 받고 있는데 실업급여를 받고 있는 중에 근로장려금, 종합소득세를 받아도 상관없을까요? 고용센터에 전화해서 알려야하나요? 그리고 다단계로 생긴 수입이...",김정식 노무사(ckla****),https://kin.naver.com/qna/detail.naver?dirId=6080402&docId=494914769&answerNo=1&qb=7Iuk7JeF6riJ7Jes,중에
638,실업급여 질문,7,N,2026.08.27.,2,고용보험,,,제 명의로 된 집에 있고 거기에 다른 사람이 들어와서 월세를 내고 살고 있습니다 사업자등록증이 따로 있는 게 아니면 실업급여 받는 거에 문제 없는 거 맞나요? 신청할 때는...,,https://kin.naver.com/qna/detail.naver?dirId=6080402&docId=494915011&answerNo=1&qb=7Iuk7JeF6riJ7Jes,
639,실업급여 질문드립니다,11,N,2026.08.27.,2,고용보험,,,이런경우 최종발표이후 권고사직으로 일을 그만두면 실제 발령전까지 발령대기기간동안 실업급여를 받을수 있나요? 권고사직으로 퇴사하고 고용보험 피보험단위기간이 180일...,,https://kin.naver.com/qna/detail.naver?dirId=6080402&docId=494915017&answerNo=1&qb=7Iuk7JeF6riJ7Jes,질문드립니다
640,실업급여 관련 질문,10,N,2026.08.27.,2,고용보험,실업급여조건,,이후 한달정도 단기 계약직으로 고용보험이 가능한 알바를 진행한 후 계약 종료 퇴사를 하게되면 실업급여 신청이 가능한가요? 안녕하세요...,청소년근로권익센터(yout****),https://kin.naver.com/qna/detail.naver?dirId=6080402&docId=494915456&answerNo=2&qb=7Iuk7JeF6riJ7Jes,
641,실업급여 수급 이후 취업,13,N,2026.08.27.,2,고용보험,,,실업급여 수급 다 끝나고 취업하면 훈련기관에 보고해야되는 걸로 알고있는데요 일일알바 같은 단기근로도 포함인가요? 근로계약서에 나와야 하는 항목은 어떤게 있어야...,RISA별이온(hsrs****),https://kin.naver.com/qna/detail.naver?dirId=6080402&docId=494919812&answerNo=2&qb=7Iuk7JeF6riJ7Jes,이후
642,실업급여 질문드립니다.,12,N,2026.08.28.,2,고용보험,,,본인의 회차에 맞게 활용하시는 것이 좋습니다. 실업급여 수급 과정에서 헷갈리는 부분이 있다면 공지사항을 꼭 다시 확인해 보세요. 자세한 사항은 아래에서 확인해보세요!,슬기마루(heun****),https://kin.naver.com/qna/detail.naver?dirId=6080402&docId=494929071&answerNo=1&qb=7Iuk7JeF6riJ7Jes,질문드립니다
643,실업급여대상유무?,9,N,2026.08.28.,2,고용보험,,,계약직으로 채용된후 계약만료로 재계약이 안되었습니다. 전직장 최근직장 모두 4대보험 가입됬었구요. 이경우 실업급여수급 가능할까요? 실업급여 받으실 수 있을 것 같은데요,,https://kin.naver.com/qna/detail.naver?dirId=6080402&docId=494933235&answerNo=1&qb=7Iuk7JeF6riJ7Jes,실업급여대상유무
644,마지막 급여 받기 전에 이직확인서 발급 및,23,Y,2026.08.28.,2,"고용, 고용복지","실업급여조건, 실업급여신청, 실업급여신청서류, 이직확인서처리",,재직하던 회사 근무하다가 자진퇴사 후에 실업급여 받기 위해 6주 단기사무계약 근무중입니다! 8/6~9/11 계약으로 계약서를 작성했는데 마지막 급여를 받아야 실업급여 신청이...,이후록노무사(lhrd****),https://kin.naver.com/qna/detail.naver?dirId=60804&docId=494933812&answerNo=2&qb=7Iuk7JeF6riJ7Jes,"받기, 전에, 발급"
645,실업급여 8차(방문) 수급방법 문의,19,N,2026.08.29.,2,고용보험,"실업급여8차, 실업급여, 실업급여인정조건, 고용복지센터, 고용노동부",,실업급여 8차 받는 날이 다가와서 금금한 내용이 있습니다. 8차 이전에는 구직활동 4주에 2회였어서 한 주에 몰아서 했었는데 8주차 부터는 주1회씩 총4회로 변경된 사실을...,,https://kin.naver.com/qna/detail.naver?dirId=6080402&docId=494935402&answerNo=2&qb=7Iuk7JeF6riJ7Jes,"8차, 수급방법"
646,실업급여 부정수급 자세한 질문,16,N,2026.08.28.,2,고용보험,,,"조언해주시는 분들마다 이야기가 다 달라서.. 확실히 알고자 여쭤봅니다. 1. 실명 신고를 할 경우, 부정수급자를 소환하더나 대질할 때(혹은 연락할 때) 신고 내용(고용24에...",갈거미(kp****),https://kin.naver.com/qna/detail.naver?dirId=6080402&docId=494936685&answerNo=1&qb=7Iuk7JeF6riJ7Jes,자세한
647,실업급여 신청 관련 질문,13,N,2026.08.28.,2,고용보험,"노무사, 실업급여, 실업급여조건",,하여 실업급여를 신청하려고 하는데 심사 관련하여 큰 문제 없을까요? 실업급여는 처음 신청하는거고 회사 대표님이 노무사 자문을 받았을시 1달 공백기를 두고 계약직 1달...,최창국공인노무사(cc37****),https://kin.naver.com/qna/detail.naver?dirId=6080402&docId=494937433&answerNo=2&qb=7Iuk7JeF6riJ7Jes,
648,실업급여기간중의료보험문제로산재보험신청,20,Y,2026.08.30.,2,근로기준,"실업급여기간중의료보험문제로산재보험신청, 실업급여, 산재보험",,실업급여기간중의료보험문제로산재보험신청하면실업급여받은돈반환해야되나요 산재보험을 신청했다는 이유만으로 기존에 받은 실업급여를 전부 반환하는 것은 아닙니다....,정부 복지정책 전문(leop****),https://kin.naver.com/qna/detail.naver?dirId=60802&docId=494957140&answerNo=2&qb=7Iuk7JeF6riJ7Jes,실업급여기간중의료보험문제로산재보험신청
649,실업급여 4차,7,N,2026.08.31.,2,고용보험,"실업급여, 구직활동, 4차실업인정, 지원확인증명서",,실업급여 4차 구직활동 제출 시 당근과 같은 민간 플랫폼 지원도 인정됩니다. 고용보험법 시행규칙 제91조는 구직활동 증빙으로 채용지원 사실을 확인할 수 있는 자료를...,빛과소금(inte****),https://kin.naver.com/qna/detail.naver?dirId=6080402&docId=494973914&answerNo=1&qb=7Iuk7JeF6riJ7Jes,4차
650,실업급여 4차 방문시,11,N,2026.08.31.,2,고용보험,,,하나는 직업심리검사와 하나는 당근으로 지원넣었습니다. 둘 다 출력해가야하는 건가요? 직업심리검사는 핸드폰 모바일러 했는데 파일 저장버튼이나 저장방법이 없네요....,갈거미(kp****),https://kin.naver.com/qna/detail.naver?dirId=6080402&docId=494974429&answerNo=2&qb=7Iuk7JeF6riJ7Jes,"4차, 방문시"
651,택배 특고(노무제공자) 이런상황에 실업급여,23,Y,2026.09.01.,2,고용보험,,,"궁금합니다 실업급여관련해서두요ㅠㅠㅠ 감사합니다 계약조건이 일방적으로 바뀌었고 협의가 없었다면, 자발적 퇴사로 보지 않을 수도 있어요. 고용센터에 증거 자료와 함께...",김현수(ehow****),https://kin.naver.com/qna/detail.naver?dirId=6080402&docId=494986309&answerNo=2&qb=7Iuk7JeF6riJ7Jes,"택배, 특고, 노무제공자, 이런상황에"
652,실업급여 합산기간,9,N,2026.09.01.,2,고용보험,,,2025년 12월 마지막으로 권고사직 후 퇴사했는데요(1년 6개월 일함) 실업급여 신청은 안햇엇습니다 최근에 계약직 2개월 다니다가 퇴사햇는데 합산해서 신청 가능한가요? 최근...,갈거미(kp****),https://kin.naver.com/qna/detail.naver?dirId=6080402&docId=494988741&answerNo=2&qb=7Iuk7JeF6riJ7Jes,합산기간
653,실업급여 가능할까요?,11,N,2026.09.01.,2,고용보험,"노무사, 자발적퇴사, 비자발적퇴사, 실업급여수급자격, 실업급여조건",,원래는 실업급여를 받을 수 없었는데 최근에 구청에서 하는 7일 계약근로를 했습니다. 고용보험가입 해주셨음. 이 경우 실업급여 신청이 가능할까요?? 자발적 퇴사 후...,빛과소금(inte****),https://kin.naver.com/qna/detail.naver?dirId=6080402&docId=494989728&answerNo=2&qb=7Iuk7JeF6riJ7Jes,가능할까요
654,배달라이더 실업급여,10,N,2026.09.01.,2,고용보험,,,실업급여 신청하면 받을수있는건가요? 원래 실업급여는 권고사직 그런경우에만 받을수있는걸로 알고있는데 배달라이더는 그조건이 해당될수가 없는거 같은데요. 2....,지식인 에그시(tpgn****),https://kin.naver.com/qna/detail.naver?dirId=6080402&docId=494989803&answerNo=2&qb=7Iuk7JeF6riJ7Jes,배달라이더
655,실업급여 조기취업수당 관련 질문있습니다!,22,N,2026.09.01.,2,고용보험,"실업급여, 조기취업수당",,23년1월부터 25년7월까지 a 건설회사에서 일하고 퇴사해서 실업급여를 두달정도 받고 여행하다가 25년 12월에 재입사 했습니다 그리고 현재 26년 9월3일에 퇴사 할 예정이구요...,,https://kin.naver.com/qna/detail.naver?dirId=6080402&docId=494990471&answerNo=2&qb=7Iuk7JeF6riJ7Jes,질문있습니다
656,실업급여 관련,7,N,2026.09.01.,2,고용보험,,,실업급여 관련문의 목금월 교육 후 오늘부터 근무하게되었는데 퇴사를 하려합니다 실업급여 수급중인데 신고만하면 되는지 아니면 회사 취업 후 퇴사햇다고 말해야하는지...,실버선장(or****),https://kin.naver.com/qna/detail.naver?dirId=6080402&docId=494991168&answerNo=2&qb=7Iuk7JeF6riJ7Jes,
657,결혼으로 인한 장거리이사 실업급여질문,20,N,2026.09.02.,2,고용보험,,,"===> 결혼으로 인한 자진퇴사, 원거리 이사로 인한 자진퇴사는 실업급여 신청 어렵습니다 결혼으로 인한 퇴직이 회사 관행상 적용되어 퇴직한 경우에는 실업급여 신청할 수...",,https://kin.naver.com/qna/detail.naver?dirId=6080402&docId=494993468&answerNo=1&qb=7Iuk7JeF6riJ7Jes,"결혼으로, 인한, 장거리이사, 실업급여질문"
658,실업급여 문의,7,N,2026.09.02.,2,고용보험,,,실업급여 하루66048원 180일 6개월지급 9월30일 시작되는 1차를 9월3일에 받고 27년2월21일이 마지막수령날입니다 1차 8일값 528384원 2차 28일값 1849344원 3차 4차 5차...,최창국공인노무사(cc37****),https://kin.naver.com/qna/detail.naver?dirId=6080402&docId=494996246&answerNo=2&qb=7Iuk7JeF6riJ7Jes,
659,실업급여 기간문으,9,N,2026.09.02.,2,고용보험,,,2026년9월1일부터 주5일근무/하루근무시간8시간/급여2.200.000으로 변경되어 근무하기로함 비자발적퇴사일경우 실업급여 기간이 180일이 충족되어야하는데 저와같은...,,https://kin.naver.com/qna/detail.naver?dirId=6080402&docId=494998280&answerNo=1&qb=7Iuk7JeF6riJ7Jes,기간문으
660,실업급여 4차 관련하여 질문합니다 !,20,N,2026.09.03.,2,"고용, 고용복지",,,실업 인정일이 9/7일 까지라 하였을 때 구직활동을... 만약 실업인정일이 지나고 면접 오라고 했는데 사정이... 실업인정일이 지나고 만약 지원취소를 하는건 어떻게 되는지도...,갈거미(kp****),https://kin.naver.com/qna/detail.naver?dirId=60804&docId=495007922&answerNo=2&qb=7Iuk7JeF6riJ7Jes,"4차, 관련하여, 질문합니다"
661,1차실업급여특강,8,N,2026.09.03.,2,고용보험,,,계속 이렇게 뜹니다 모바일인데요 어떡하면 동영상시청가능한건지요 오전 10시 이후에 다시 시도해 보시고 그래도 안되면 상기 연락처로 문의해 보시는게 좋겠습니다....,갈거미(kp****),https://kin.naver.com/qna/detail.naver?dirId=6080402&docId=495008541&answerNo=2&qb=7Iuk7JeF6riJ7Jes,1차실업급여특강
662,실업급여 수급문의,9,N,2026.09.03.,2,고용보험,,,실업급여수급가능한 조건맞나요?.. 안녕하세요. 한국공인노무사회-네이버 지식iN 상담 공인노무사 민승기 입니다. 고용보험 가입기간 180일은 충족했고 이직한 사업장에서...,민승기노무사(mm****),https://kin.naver.com/qna/detail.naver?dirId=6080402&docId=495012520&answerNo=2&qb=7Iuk7JeF6riJ7Jes,수급문의
663,실업급여 인터넷신청,10,N,2026.09.03.,2,고용보험,,,보통 2주정도는 실업급여 지급 기간이 과도하게 지났다고 보기는 어렵습니다. 정확한 절차는 실업급여를 신청한 고용센터에 연락해서 알아보시면 됩니다. ※ 만35세...,청소년근로권익센터(yout****),https://kin.naver.com/qna/detail.naver?dirId=6080402&docId=495012680&answerNo=2&qb=7Iuk7JeF6riJ7Jes,인터넷신청
664,권고사직 실업급여 노동청 신고,16,N,2026.09.03.,2,"노동 정책, 제도","권고사직, 노동청, 노동청상담, 노동청신고",,"인원감축으로 사직당해서 실업급여 받으려고 하는데 연차수당 못받은거랑 근로계약서 안쓴거 노동청에 신고해도 되나요? 안녕하세요, 청소년청년근로권익센터입니다....",청소년근로권익센터(yout****),https://kin.naver.com/qna/detail.naver?dirId=60805&docId=495013076&answerNo=2&qb=7Iuk7JeF6riJ7Jes,"권고사직, 노동청"
665,실업급여 조건 질문,10,N,2026.09.03.,2,고용보험,,,9개월 정도 일하고 가게 장사가 망해서 그만두게됬는데 그건 어떻게 증명하나요? 폐업증명서 발급받아보세요,메치니코프(psyg****),https://kin.naver.com/qna/detail.naver?dirId=6080402&docId=495013611&answerNo=1&qb=7Iuk7JeF6riJ7Jes,
666,실업급여 신청 질문,10,N,2026.09.03.,2,고용보험,,,"없으면 실업급여 신청이 안되나요? 안녕하세요, 청소년청년근로권익센터입니다. 네 무조건 회사에서 처리할 수 있으며, 근로자에게는 접근 권한이 없습니다. 또...",청소년근로권익센터(yout****),https://kin.naver.com/qna/detail.naver?dirId=6080402&docId=495014390&answerNo=1&qb=7Iuk7JeF6riJ7Jes,
667,실업급여 받을수있나요?,12,N,2026.09.03.,2,고용보험,,,근로자구요 2월9일 입사 9월30일 퇴사예정입니다 사유는 카페인데 폐업입니다 4대보험 가입했었고 주5일 하루 10시간(휴게1시간포함) 근무했습니다 실업급여...,,https://kin.naver.com/qna/detail.naver?dirId=6080402&docId=495014584&answerNo=2&qb=7Iuk7JeF6riJ7Jes,받을수있나요
668,실업급여 신청 전 입퇴사,13,N,2026.09.03.,2,고용보험,,,"부정수급이라던지 실업급여 신청시에 문제가 될까요?? 아니요..1일근무한건 꼭 일용직으로신고해달라고하시고(,신고안하거나) 실업급여신청하시면됩니다. 하루라도...",,https://kin.naver.com/qna/detail.naver?dirId=6080402&docId=495015370&answerNo=1&qb=7Iuk7JeF6riJ7Jes,입퇴사
669,실업급여,4,N,2023.04.27.,1,고용보험,,,근로계약서 안쓰면 실업급여 못갇나요? 네네,,https://kin.naver.com/qna/detail.naver?dirId=6080402&docId=444707695&answerNo=1&qb=7Iuk7JeF6riJ7Jes,
670,실업급여 온라인 교육,11,N,2025.03.09.,1,고용보험,,,아래 사진 부분 맞나요??,,https://kin.naver.com/qna/detail.naver?dirId=6080402&docId=482903044&answerNo=0&qb=7Iuk7JeF6riJ7Jes,
671,실업급여 받기 쉽나요?,12,N,2025.09.29.,1,사람과 그룹,,,실업급여 받기 쉽나요? 조건만 맞으면 쉽게 받아요.,아밀(fo****),https://kin.naver.com/qna/detail.naver?dirId=61303&docId=489187500&answerNo=1&qb=7Iuk7JeF6riJ7Jes,"받기, 쉽나요"
672,실업급여2차,6,N,2026.01.21.,1,고용보험,,,혹시 고용24에서 2차 교육 듣는거 어디서 듣나요??,,https://kin.naver.com/qna/detail.naver?dirId=6080402&docId=491483984&answerNo=0&qb=7Iuk7JeF6riJ7Jes,실업급여2차
673,실업급여 수급시,8,N,2026.01.27.,1,고용보험,,,실업급여 수급시 틱톡 이벤트성으로 돈 받는 것도 문제가 되나요? 그건 문제안될듯.,지식인 에그시(tpgn****),https://kin.naver.com/qna/detail.naver?dirId=6080402&docId=491596166&answerNo=1&qb=7Iuk7JeF6riJ7Jes,수급시
674,실업급여 2차 동영상,11,N,2026.02.24.,1,고용보험,,,실업급여 2차 동영상 시청 2차때 동영상 수강하셔도 인정됩니다.,갈거미(kp****),https://kin.naver.com/qna/detail.naver?dirId=6080402&docId=492142184&answerNo=1&qb=7Iuk7JeF6riJ7Jes,2차
675,실업급여 2차 동영상 시청,14,N,2026.02.24.,1,고용보험,,,실업급여 2차 동영상 넵.!! 2차에 온라인 특강 수강하시면 되고 3차에도 마찬가지로 특강 수강하셔도 되겠습니다.,갈거미(kp****),https://kin.naver.com/qna/detail.naver?dirId=6080402&docId=492142203&answerNo=1&qb=7Iuk7JeF6riJ7Jes,"2차, 시청"
676,실업급여 2차 궁금증,11,N,2026.04.24.,1,"파일공유, P2P",,,이 파일찾기는 뭐를 넣는건가여?,,https://kin.naver.com/qna/detail.naver?dirId=10607&docId=493098776&answerNo=0&qb=7Iuk7JeF6riJ7Jes,"2차, 궁금증"
677,실업급여 2차,7,N,2026.04.28.,1,고용보험,,,실업급여 2차 구직1회때 명함과 면접확인서 사진 찍어 올리면 되는건가요? 넵.!! 실업급여 2차 구직1회때 명함과 면접확인서 사진 찍어 올려 실업인정 신청하면 인정됩니다.,갈거미(kp****),https://kin.naver.com/qna/detail.naver?dirId=6080402&docId=493154704&answerNo=2&qb=7Iuk7JeF6riJ7Jes,2차
678,실업급여 반복수급자,10,N,2026.06.23.,1,고용보험,,,2023년 6월과 2026년 1월로 2번 실업급여를 받았을 경우 2028년 6월 내에 1번 더 실업급여를 신청할 경우 반복수급자가 되나요?,,https://kin.naver.com/qna/detail.naver?dirId=6080402&docId=494008367&answerNo=0&qb=7Iuk7JeF6riJ7Jes,
679,회사에서 실업급여 조건 충족못하게 하려는,22,Y,2026.07.28.,1,근로기준,,,"회사에서 보면 실업급여조건을 최대한적으로 충족못하게 하려하거나 해고,권고사직등을 안하려고 하는이유가 뭘까요? 그리고 사직을 안한 체로 직원이 회사에 길게 계속...",,https://kin.naver.com/qna/detail.naver?dirId=60802&docId=494496389&answerNo=0&qb=7Iuk7JeF6riJ7Jes,"회사에서, 충족못하게, 하려는"
680,실업급여수급가능일수,10,N,2026.08.02.,1,"음악이론, 작곡",,,수급가능일수150일인데 4차까지하면 150일이 안되는데 우째되는건가용 ㅠ,,https://kin.naver.com/qna/detail.naver?dirId=30212&docId=494561904&answerNo=0&qb=7Iuk7JeF6riJ7Jes,실업급여수급가능일수
681,실업급여 조건,7,N,2026.08.26.,1,고용보험,,,"혹시 이 경우엔 실업급여자 대상 조건이 되는지 궁금합니다. 안녕하세요 네이버 지식인 파트너 고용노동부입니다. 노무제공자, 예술인, 근로자로서 모두 고용보험 가입...",,https://kin.naver.com/qna/detail.naver?dirId=6080402&docId=494573340&answerNo=1&qb=7Iuk7JeF6riJ7Jes,
682,실업급여 수급문제로 질문드립니다,17,N,2026.08.21.,1,고용보험,,,작년부터 5월까지 일한 고용보험 이력으로 실업급여가 가능한지 이후 근무한업장때문에 수급에 문제가 없는지 궁금합니다. 결론부터 말씀드리면 실업급여 수급이...,,https://kin.naver.com/qna/detail.naver?dirId=6080402&docId=494835361&answerNo=1&qb=7Iuk7JeF6riJ7Jes,"수급문제로, 질문드립니다"
683,실업급여수령 가능여부 확인 부탁드립니다.,22,N,2026.08.24.,1,고용보험,노무사님도와주세요,,이런 상황에서 제가 만약 사직을 하게 된다면 실업급여 수령이 가능한지요. 그리고 어떤 서류들을 준비 해야 할지요... 30년을 넘게 회사 생활을 하면서 급여 받으려고 구걸을...,,https://kin.naver.com/qna/detail.naver?dirId=6080402&docId=494869651&answerNo=0&qb=7Iuk7JeF6riJ7Jes,"실업급여수령, 가능여부"
684,실업급여 면접 불참,10,N,2026.08.25.,1,고용보험,,,한번정도로는 바로 급여 정지는 안된다는 말도 있던거 같은데 잘 모르겠네요 면접에 한 번 불참했다고 해서 실업급여가 바로 전체 정지되는 것은 아닙니다. 다만 중요한 것은...,코웨이 이팀장(sebo****),https://kin.naver.com/qna/detail.naver?dirId=6080402&docId=494885021&answerNo=1&qb=7Iuk7JeF6riJ7Jes,
685,실업급여2차,6,N,2026.08.26.,1,고용보험,,,실업급여2차 일반이구요 구직활동1회해야하는데 온라인취업특강 하나만 하면되는건가요~?! 직업심리검사는 구직활동이아닌가요? 안녕하세여 질문자분의 질문에...,,https://kin.naver.com/qna/detail.naver?dirId=6080402&docId=494900944&answerNo=1&qb=7Iuk7JeF6riJ7Jes,실업급여2차
686,임금체불실업급여질문,10,N,2026.08.26.,1,근로기준,,,월급은매월10일입니다 2026년기준 1월 11일줌 2 월11일줌 3월14일중 4월11일줌 5월 7월1일날줌 6월 7월23일줌 7월 못받고있음. 좀있음총지연합이60일되는데가능할까요....,,https://kin.naver.com/qna/detail.naver?dirId=60802&docId=494903208&answerNo=0&qb=7Iuk7JeF6riJ7Jes,임금체불실업급여질문
687,4차 실업급여 관련 질문,13,N,2026.08.26.,1,고용보험,,,안녕하세여 질문자분의 질문에 답변드립니다^;^ 질문자분께서 실업급여 신청하여 지원받고 계신것 으로 보입니다 4차실업인정대기기간 고용24 구직 신청한 이력서 경력...,,https://kin.naver.com/qna/detail.naver?dirId=6080402&docId=494903209&answerNo=1&qb=7Iuk7JeF6riJ7Jes,4차
688,물리치료사 임금삭감+인센티브 폐지로 인한,22,Y,2026.08.28.,1,"노동 정책, 제도","실업급여, 물리치료사, 노동법, 도수치료, 관리급여, 노무사, 노무사님도와주세요",,"인센티브 개인 월매출, 도수치료 관리급여 제도 보건복지부 시행령, 1년치 급여명세서, 1년치 인센티브 지급명세서가 있습니다. 제 경우 실업급여 인정을 받을 수 있을까요?",,https://kin.naver.com/qna/detail.naver?dirId=60805&docId=494935121&answerNo=0&qb=7Iuk7JeF6riJ7Jes,"물리치료사, 임금삭감, 인센티브, 폐지로, 인한"
689,안녕하세요. 실업급여를 신청한 (전)노동자입,24,Y,2026.08.31.,1,"노동 정책, 제도","실업급여, 인방, 치지직, 인터넷방송",,"실업급여 도중 인터넷 방송을 진행할 시, 광고나 협찬 역시 받으면 안된다는 이야기를 들은 적 있습니다. 제가 진행하던 방송은 치지직 플랫폼의 게임 방송이고, 수익 창출(구독...",,https://kin.naver.com/qna/detail.naver?dirId=60805&docId=494964075&answerNo=0&qb=7Iuk7JeF6riJ7Jes,"안녕하세요, 신청한, 노동자입"
690,실업급여 신청문의,9,N,2026.09.01.,1,고용보험,,,"실업급여 신청하으로 내일 센터 방문하려고 하는데요 구직등록, 동영상 교육도 다 들었는데 이직확인서 신고 여부가 <처리중> 으로 확인됩니다 이럴경우 내일 고용센터에...",,https://kin.naver.com/qna/detail.naver?dirId=6080402&docId=494977862&answerNo=1&qb=7Iuk7JeF6riJ7Jes,신청문의
691,실업급여4차,6,N,2026.09.01.,1,고용보험,,,실업급여4차받을차례인데 취업특강 3차때 한번들었는데 4차때도 한번들을수있나요? 네 4차때도 한번 들을수가 잇습니다 참고만 하시길 바라며 도움되셨으면 좋겠습니다...,,https://kin.naver.com/qna/detail.naver?dirId=6080402&docId=494983703&answerNo=1&qb=7Iuk7JeF6riJ7Jes,실업급여4차
692,실업급여 질문,7,N,2026.09.01.,1,고용보험,"실업급여3차, 실업급여구직활동, 실업급여구직외활동, 고용24, 실업인정신청, 사람인입사지원, 재취업활동증빙, 실업급여수첩, 실업급여교육, 실업급여인정",,사진에 보이는 건 제가 실업급여 1차 교육시 받았던 수첩 내용입니다 1차땐 직접 가서 교육 받은 후 실업급여 받았고 2차땐 직업심리검사s형? (정확한 검사명은 기억이 잘...,클로버우주57(krkb****),https://kin.naver.com/qna/detail.naver?dirId=6080402&docId=494990464&answerNo=1&qb=7Iuk7JeF6riJ7Jes,
693,일용직 근무자의 실업급여와 주휴수당 관련,22,Y,2026.09.02.,1,"법학, 법이론",,,"고용보험 가입기간이 1년이 넘으면 실업급여 수급기간이 한 달 더 늘어나던데, 혹시 일용직도 실제로 근무는 안했지만 주휴수당 받은 날도 고용보험 가입기간에 포함이...",,https://kin.naver.com/qna/detail.naver?dirId=60215&docId=494992178&answerNo=0&qb=7Iuk7JeF6riJ7Jes,"근무자의, 실업급여와, 주휴수당"
694,실업급여신청,6,N,2026.09.02.,1,고용보험,,,실업급여 신청하면 받을수있는건가요? 센터가서 상담은 받아봐야겠지만요. 원래 실업급여는 권고사직 그런경우에만 받을수있는걸로 알고있는데 배달라이더는 그조건이...,,https://kin.naver.com/qna/detail.naver?dirId=6080402&docId=494993773&answerNo=0&qb=7Iuk7JeF6riJ7Jes,
695,마트회사 실업급여 지급방법 문의,17,N,2026.09.02.,1,고용보험,,,생겨서 아무래도 병으로인한 퇴사나 유급휴가를 요구하려하나 해주질 않는데 이경우 고용노동부에 실업급여 신청 가능하나요? 무급휴가라도 계속 주면 실업급여는 못 받습니다.,,https://kin.naver.com/qna/detail.naver?dirId=6080402&docId=494997410&answerNo=1&qb=7Iuk7JeF6riJ7Jes,"마트회사, 지급방법"
696,부당해고실업급여와 그냥 실업 급여는 다른,22,Y,2026.09.02.,1,근로기준,,,복직을 거부해도 자진 퇴사로 되는 건가요? 3. 그리고 임금을 받고 복직을 거부하면 받은 임금을 다시 돌려줘야하나요? 4. 부당해고실업급여와 그냥 실업 급여는 다른 건가요?,,https://kin.naver.com/qna/detail.naver?dirId=60802&docId=494998230&answerNo=0&qb=7Iuk7JeF6riJ7Jes,"부당해고실업급여와, 그냥, 급여는, 다른"
697,계약직 실업급여 대상이 되나요?,17,N,2026.09.03.,1,근로기준,,,계약까지 일하겠다고 말을 한 상태에서 회사에서 근로자에게 재계약 한다는 말도 안한 상태이며 재계약이 이루어지지 않을시 실업급여 대상이 되나요?,,https://kin.naver.com/qna/detail.naver?dirId=60802&docId=495011992&answerNo=0&qb=7Iuk7JeF6riJ7Jes,대상이
698,실업급여 1차 온라인 교육,14,N,2026.09.03.,1,고용안정,,,아버지가 고령자시라 1차를 온라인으로 들을수 있다고 안내받았는데 1차 교육을 인정일 당일에 듣고 인정일에 전송해야하는건지 교육은 인정일 전에도 듣고 전송만 당일에...,,https://kin.naver.com/qna/detail.naver?dirId=6080401&docId=495014889&answerNo=0&qb=7Iuk7JeF6riJ7Jes,1차
699,실업급여 관련 질문,10,N,1주 전,0,,,"안녕하세요 현재 18개월 동안 피보험단위기간이 180일 이상이고, 자진퇴사 예정되어있습니다. 자발적 퇴사라 실업급여 대상이 안 되다보니 계약직으로 일을 하려고 하는데 계약직 기간 정해진 게 있을까요? 하루 아르바이트만 해도 되는건가요? 또, 업장에 실업급여 타려고 한다고 얘기를 해야하나요?","자발적 퇴사 후 실업급여를 받기 위해 계약직으로 재취업을 고려하시는군요. 실업급여 수급을 위한 피보험단위기간 180일을 채우기 위해 계약직으로 근무하는 것은 가능합니다. 계약직 기간에 대해 정해진 법적 기준은 따로 없습니다. 다만, 실업급여를 다시 신청하려면 퇴사 전 18개월 동안 피보험단위기간이 통산하여 180일 이상이어야 합니다. 하루 아르바이트를 하는 것도 고용보험에 ....",감성포토슈,https://kin.naver.com/qna/detail.naver?answerNo=1&dirId=6080402&docId=494881158&kinsrch_src=pc_tab_kin&qb=7Iuk7JeF6riJ7Jes,
700,실업급여 문의,7,N,1주 전,0,,,"안녕하세요 2년반 근무한 회사 퇴사를 앞두고 있는데요. 해당 회사 퇴사 후 1달 단기계약직(사대보험 적용한) 다닌 후 계약만료로 실업급여 신청하려고 하는데, 첫근무 시작이 8/27(목) 이면 근무종료일이 9/26(토) 또는 8/28(금)~9/27(일) 이면 한달 적용되는 것 맞나요??","네, 질문하신 날짜라면 둘 다 ‘1개월 계약’로 정할 수 있습니다. 예를 들어 계약기간을 1개월로 정한다면 일반적인 기간 계산상 - 2026.8.27 ~ 2026.9.26 - 2026.8.28 ~ 2026.9.27 처럼 시작일에 대응하는 다음 달 날짜의 전날까지를 1개월로 볼 수 있습니다. 중간에 토·일요일이나 휴무일이 있어도 근로계약기간 자체에는 포함됩니다. 다만 실업급여 때문에 꼭 알아두셔야 할 점이 있습니다. 이전 직....",코웨이 이팀장,https://kin.naver.com/qna/detail.naver?answerNo=1&dirId=6080402&docId=494888325&kinsrch_src=pc_tab_kin&qb=7Iuk7JeF6riJ7Jes,
701,실업급여 질문있어요,10,N,1주 전,0,,,근무지 폐업으로 인해 며칠뒤 실업상태에 놓일거같아요 사정상 근무지가 생기면 바로 취업할 생각인데요 8월말일에 고용센터 가서 신청하면 언제 얼마나 받게되는건가요? 월급여는 340만원정도 받고 일했습니다(세전) 근무는1년넘었구요 4대가입 되어있습니다,"안녕하세요~! 일단 보내주신 정보로 실제 실업급여 예상 금액을 계산해 보았습니다. 본인의 자세한 실업급여 예상액은 아래 계산기에서 직접 본인 상황에 맞게 정확하게 입력하셔서 구체적인 예상 금액을 확인하시면 좋을 듯 해요~! (실제 저희 부모님 수급을 도와드린 경험기도 넣어 놨습니다~!) 3개월 평균 340만원, 1일 8시간 근무기준으로 작성하면 30일 수급 기준 1,981,440원 정도 나오는....",와우,https://kin.naver.com/qna/detail.naver?answerNo=2&dirId=6080401&docId=494889329&kinsrch_src=pc_tab_kin&qb=7Iuk7JeF6riJ7Jes,질문있어요
702,"결혼 후 거주지 이전으로 인한 퇴사, 실업급",24,Y,2026.09.01.,0,"고용, 고용복지","실업급여, 고용노동부",,결혼 : 7월 초 퇴사 예정 날짜 : 10월 말 전입신고 : 미정 결혼으로 인한 거주지 이전 실업급여 신청하고 싶은데요 전입신고 일자랑 퇴사 일자 사이의 기간이 정해져있나요?...,,https://kin.naver.com/qna/detail.naver?dirId=60804&docId=494987280&answerNo=0&qb=7Iuk7JeF6riJ7Jes,"결혼, 거주지, 이전으로, 인한"
